match_id,player_id,raid_duration_sec,penetration_px,success,raid_points
M11,R1,5.7,137,0,0
M11,R1,2.3,204,0,0
M11,R1,7.7,100,0,0
M3,R1,4.1,196,0,0
M3,R1,6.5,179,1,1
M3,R1,4.3,206,0,0
M3,R1,5.5,195,0,0
M3,R1,7.8,147,0,0
M3,R1,5.6,212,0,0
M3,R1,5.6,119,0,0
M3,R1,4.4,245,1,1
M3,R1,7.9,200,0,0
M3,R1,2.6,101,0,0
M3,R1,4.3,223,0,0
M3,R1,7.8,213,0,0
M3,R1,7.1,205,0,0
M3,R1,7.3,108,1,1
M3,R1,3.3,235,0,0
M3,R1,3.8,173,0,0
M3,R1,4.0,215,1,1
M3,R1,2.3,234,1,3
M3,R1,4.6,223,0,0
M3,R1,7.7,114,1,4
M3,R1,3.6,102,0,0
M14,R1,4.4,174,1,3
M14,R1,2.7,120,1,2
M14,R1,3.2,191,1,1
M14,R1,2.3,237,0,0
M14,R1,4.8,217,0,0
M14,R1,5.6,124,1,3
M14,R1,3.8,134,0,0
M14,R1,5.2,186,0,0
M14,R1,3.5,145,1,1
M14,R1,5.3,186,0,0
M14,R1,4.4,247,0,0
M14,R1,4.4,237,0,0
M14,R1,4.8,139,0,0
M14,R1,6.0,242,0,0
M14,R1,7.8,157,0,0
M14,R1,2.1,173,0,0
M14,R1,2.3,244,1,1
M14,R1,4.1,121,1,1
M14,R1,4.1,104,1,3
M14,R1,4.0,172,0,0
M14,R1,2.1,150,0,0
M14,R1,5.8,199,0,0
M9,R1,4.6,206,0,0
M9,R1,7.9,189,1,1
M9,R1,7.1,132,0,0
M9,R1,4.3,103,1,4
M9,R1,5.8,121,0,0
M9,R1,7.2,124,0,0
M9,R1,6.7,149,0,0
M9,R1,7.8,172,0,0
M9,R1,5.4,134,0,0
M9,R1,4.7,155,0,0
M9,R1,4.1,111,1,1
M9,R1,7.8,158,0,0
M9,R1,5.6,209,0,0
M9,R1,5.5,149,0,0
M9,R1,6.0,148,0,0
M9,R1,2.9,153,0,0
M9,R1,3.8,249,0,0
M9,R1,4.8,100,0,0
M9,R1,2.2,158,1,1
M9,R1,5.9,105,0,0
M9,R1,5.0,229,0,0
M9,R1,6.9,215,0,0
M9,R1,2.1,183,0,0
M9,R1,5.6,104,0,0
M9,R1,7.9,186,0,0
M9,R1,6.6,234,0,0
M9,R1,3.1,116,0,0
M18,R1,2.8,163,0,0
M6,R1,5.8,222,0,0
M6,R1,6.5,191,0,0
M6,R1,2.0,133,0,0
M6,R1,2.4,148,0,0
M6,R1,7.6,163,0,0
M6,R1,6.8,207,0,0
M6,R1,5.1,100,1,2
M6,R1,2.4,220,0,0
M6,R1,6.1,199,0,0
M6,R1,3.1,215,1,3
M6,R1,7.0,171,0,0
M6,R1,4.8,214,0,0
M6,R1,4.1,149,0,0
M6,R1,6.0,244,0,0
M6,R1,7.6,119,1,7
M6,R1,6.5,250,1,2
M13,R1,3.1,169,0,0
M13,R1,8.0,121,0,0
M10,R1,4.8,173,1,1
M4,R1,6.2,156,1,1
M4,R1,3.7,237,1,1
M4,R1,6.1,231,0,0
M4,R1,6.9,118,1,2
M15,R1,4.4,196,0,0
M8,R1,2.7,164,0,0
M8,R1,7.8,192,0,0
M1,R1,2.8,146,1,2
M1,R1,3.9,123,1,1
M1,R1,6.9,144,0,0
M7,R1,2.5,197,0,0
M7,R1,2.4,218,0,0
M2,R1,5.4,113,1,1
M5,R1,4.2,184,0,0
M19,R2,4.1,216,1,2
M19,R2,5.0,184,1,1
M19,R2,5.1,216,0,0
M19,R2,7.8,106,0,0
M19,R2,6.7,180,1,2
M19,R2,5.5,100,1,1
M19,R2,5.8,144,1,1
M19,R2,3.1,200,1,1
M19,R2,5.0,218,1,1
M19,R2,7.5,136,1,2
M19,R2,3.7,207,1,1
M19,R2,6.7,185,1,1
M19,R2,4.6,164,1,1
M19,R2,4.7,191,1,4
M19,R2,7.4,206,1,1
M19,R2,7.9,127,0,0
M19,R2,3.2,191,1,1
M19,R2,4.6,236,1,1
M19,R2,3.8,168,1,1
M19,R2,4.3,237,1,1
M19,R2,2.7,135,1,2
M19,R2,6.4,227,0,0
M19,R2,7.6,138,1,1
M19,R2,7.2,233,1,1
M19,R2,5.2,181,0,0
M19,R2,2.7,155,1,1
M19,R2,4.7,224,1,2
M19,R2,5.7,144,1,1
M19,R2,7.4,237,1,1
M19,R2,6.3,239,1,5
M19,R2,7.3,122,1,1
M19,R2,4.0,134,1,5
M19,R2,7.7,226,0,0
M19,R2,6.8,190,1,1
M19,R2,5.9,149,0,0
M12,R2,2.3,128,0,0
M12,R2,6.7,107,1,1
M12,R2,3.5,184,0,0
M12,R2,3.0,108,0,0
M12,R2,2.2,220,1,2
M12,R2,3.1,234,0,0
M12,R2,4.5,246,1,4
M12,R2,4.0,238,1,2
M12,R2,6.3,190,1,2
M12,R2,2.4,156,1,1
M12,R2,3.3,199,1,1
M12,R2,5.4,218,1,1
M12,R2,6.1,161,1,4
M12,R2,2.1,148,1,6
M12,R2,3.8,250,1,1
M12,R2,7.2,129,1,1
M12,R2,3.9,193,1,1
M12,R2,7.1,101,1,1
M12,R2,4.7,120,1,1
M12,R2,5.4,140,1,2
M12,R2,5.0,160,1,1
M12,R2,3.8,130,1,1
M12,R2,3.4,234,1,2
M10,R2,7.6,242,1,2
M10,R2,2.3,156,1,1
M10,R2,4.7,177,1,1
M10,R2,5.4,227,0,0
M10,R2,2.8,161,1,1
M10,R2,4.2,168,0,0
M10,R2,5.1,113,0,0
M10,R2,3.2,188,1,2
M10,R2,3.2,210,1,1
M10,R2,7.1,144,0,0
M10,R2,7.1,223,0,0
M10,R2,3.5,220,1,1
M10,R2,6.1,118,1,1
M10,R2,4.0,137,1,1
M7,R2,6.3,230,1,1
M7,R2,5.0,128,1,3
M7,R2,2.3,234,0,0
M7,R2,3.6,202,0,0
M7,R2,6.6,169,0,0
M7,R2,2.3,102,0,0
M7,R2,5.7,230,1,4
M7,R2,4.5,157,1,1
M7,R2,6.5,125,1,1
M7,R2,5.7,146,0,0
M7,R2,4.8,246,1,2
M8,R2,7.9,123,1,1
M8,R2,6.3,137,0,0
M8,R2,3.9,182,1,2
M8,R2,6.8,226,1,1
M8,R2,3.0,229,1,1
M8,R2,2.7,151,1,1
M17,R2,4.7,249,0,0
M14,R2,4.1,182,0,0
M14,R2,4.6,133,1,1
M1,R2,4.9,208,1,1
M16,R2,4.3,135,0,0
M20,R2,4.6,206,0,0
M2,R2,3.8,151,1,1
M3,R2,6.8,233,1,1
M18,R2,2.3,188,1,1
M15,R2,6.1,144,1,2
M13,R2,2.9,117,1,2
M11,R2,4.9,175,0,0
M6,R2,3.8,226,1,1
M8,R3,4.3,229,1,1
M8,R3,2.9,112,0,0
M8,R3,5.3,239,0,0
M8,R3,6.5,119,0,0
M8,R3,4.8,201,1,1
M8,R3,3.1,241,0,0
M8,R3,4.2,140,1,2
M8,R3,5.3,201,0,0
M8,R3,4.7,105,0,0
M8,R3,3.7,163,0,0
M8,R3,7.1,201,0,0
M8,R3,2.5,232,0,0
M8,R3,5.5,167,1,1
M8,R3,3.0,127,0,0
M8,R3,3.0,237,1,1
M8,R3,3.2,126,0,0
M8,R3,7.6,185,0,0
M8,R3,4.1,133,0,0
M8,R3,4.9,115,1,1
M8,R3,3.5,161,1,1
M8,R3,4.2,107,0,0
M8,R3,6.4,241,1,1
M8,R3,3.8,104,1,1
M8,R3,3.9,117,0,0
M8,R3,6.3,228,1,4
M8,R3,3.4,139,1,1
M8,R3,2.4,153,0,0
M8,R3,7.0,250,1,1
M8,R3,7.8,154,0,0
M8,R3,7.5,132,0,0
M8,R3,7.3,161,1,1
M8,R3,5.3,222,0,0
M8,R3,5.1,236,1,1
M8,R3,3.6,131,1,1
M8,R3,6.0,167,0,0
M8,R3,2.1,136,0,0
M8,R3,7.0,228,1,1
M8,R3,6.1,219,1,1
M8,R3,6.8,225,1,1
M8,R3,7.3,141,0,0
M8,R3,5.5,209,1,1
M8,R3,3.5,126,0,0
M8,R3,7.6,246,0,0
M8,R3,6.1,101,1,1
M8,R3,6.4,226,1,3
M8,R3,4.8,166,0,0
M1,R3,5.9,184,0,0
M1,R3,6.1,183,1,1
M1,R3,6.4,157,1,2
M1,R3,3.2,155,0,0
M1,R3,2.5,145,0,0
M1,R3,4.0,148,1,1
M1,R3,6.6,156,0,0
M1,R3,4.5,196,1,1
M1,R3,5.9,219,0,0
M1,R3,4.6,193,1,1
M1,R3,3.6,238,1,1
M1,R3,6.4,159,0,0
M1,R3,4.1,202,1,1
M1,R3,4.9,184,1,1
M1,R3,2.3,202,0,0
M1,R3,4.0,196,0,0
M1,R3,5.8,224,1,1
M1,R3,5.8,239,1,1
M1,R3,2.4,192,0,0
M1,R3,3.3,232,1,2
M1,R3,5.7,128,1,1
M1,R3,7.2,218,0,0
M1,R3,2.8,156,1,2
M1,R3,3.6,248,1,1
M1,R3,4.3,187,1,1
M1,R3,3.3,244,1,4
M16,R3,2.2,247,1,1
M16,R3,4.8,229,0,0
M16,R3,6.0,183,1,1
M16,R3,7.8,218,0,0
M16,R3,4.4,142,1,1
M16,R3,6.3,223,0,0
M16,R3,6.6,145,1,1
M16,R3,7.5,150,0,0
M16,R3,5.4,228,0,0
M16,R3,3.9,112,0,0
M16,R3,6.0,142,1,1
M16,R3,3.1,161,0,0
M16,R3,6.4,139,0,0
M16,R3,7.7,226,1,1
M16,R3,5.7,113,1,1
M16,R3,5.9,231,0,0
M19,R3,7.6,210,1,1
M19,R3,5.7,188,1,1
M19,R3,7.0,199,0,0
M19,R3,7.4,149,0,0
M19,R3,2.9,181,1,2
M19,R3,8.0,148,0,0
M19,R3,2.3,178,1,1
M19,R3,2.7,147,1,1
M19,R3,4.2,139,1,2
M19,R3,7.7,150,1,2
M5,R3,2.7,210,1,1
M14,R3,2.1,123,0,0
M9,R3,5.7,189,0,0
M15,R3,2.6,121,0,0
M15,R3,2.7,157,0,0
M4,R3,7.9,118,1,2
M3,R3,6.8,241,1,1
M3,R3,5.9,112,1,1
M12,R3,6.5,166,0,0
M2,R3,5.1,168,1,1
M13,R3,4.5,208,1,1
M20,R3,4.6,155,0,0
M6,R3,6.1,130,0,0
M12,R4,6.1,110,1,1
M12,R4,6.3,148,0,0
M12,R4,7.0,148,1,3
M12,R4,3.6,182,1,6
M12,R4,7.7,108,1,1
M12,R4,6.0,112,1,1
M12,R4,6.1,161,0,0
M12,R4,7.8,130,1,1
M12,R4,4.7,141,1,3
M12,R4,7.9,173,1,1
M12,R4,7.1,168,1,1
M12,R4,4.4,152,1,1
M12,R4,5.3,118,1,1
M12,R4,5.6,149,1,1
M12,R4,3.1,250,1,1
M12,R4,8.0,153,0,0
M12,R4,3.3,116,1,1
M1,R4,2.4,117,0,0
M11,R4,6.7,199,0,0
M11,R4,3.2,153,0,0
M11,R4,2.1,218,0,0
M11,R4,7.8,215,0,0
M11,R4,5.2,109,1,1
M3,R4,7.7,108,1,1
M3,R4,6.1,162,1,4
M3,R4,5.2,130,1,1
M3,R4,4.3,193,1,1
M3,R4,3.6,234,1,1
M3,R4,5.0,159,1,1
M3,R4,6.4,219,0,0
M7,R4,4.8,185,1,1
M7,R4,2.9,100,1,1
M13,R4,7.0,220,0,0
M4,R4,4.5,213,0,0
M9,R4,5.3,107,1,1
M5,R4,6.6,158,1,1
M8,R4,3.3,136,1,2
M17,R4,2.2,135,1,1
M20,R4,5.9,119,1,1
M7,R5,4.7,186,1,1
M7,R5,2.4,118,0,0
M7,R5,3.6,118,1,1
M7,R5,5.6,120,1,1
M7,R5,7.5,235,1,1
M7,R5,5.6,172,1,3
M7,R5,5.3,177,1,2
M7,R5,2.2,113,0,0
M14,R5,6.0,225,1,1
M14,R5,4.5,232,1,1
M14,R5,7.2,164,0,0
M14,R5,5.8,119,1,1
M14,R5,6.5,145,0,0
M14,R5,7.4,150,0,0
M14,R5,2.5,122,1,1
M14,R5,6.7,236,1,2
M14,R5,4.8,242,1,1
M14,R5,5.2,156,1,2
M14,R5,5.1,215,1,1
M14,R5,2.3,223,1,1
M14,R5,3.2,138,1,4
M14,R5,4.8,183,1,3
M14,R5,4.4,115,1,4
M3,R5,7.7,128,1,1
M3,R5,7.3,117,1,1
M3,R5,7.3,178,1,2
M3,R5,2.2,227,1,2
M18,R5,5.9,248,0,0
M15,R5,4.1,117,0,0
M1,R5,3.1,104,1,1
M12,R5,5.9,112,0,0
M4,R5,7.3,219,1,1
M4,R5,3.7,175,1,1
M20,R5,4.1,157,1,2
M20,R5,2.6,162,1,3
M13,R5,3.5,108,1,1
M5,R5,3.0,186,1,2
M5,R5,2.7,246,0,0
M5,R5,3.2,245,0,0
M5,R5,3.7,181,1,1
M5,R6,8.0,226,1,1
M5,R6,2.3,153,0,0
M5,R6,4.8,214,1,3
M5,R6,4.8,131,1,1
M5,R6,3.4,177,0,0
M5,R6,3.1,118,1,3
M5,R6,3.4,154,1,1
M5,R6,3.9,181,1,2
M5,R6,2.6,197,0,0
M5,R6,6.0,145,0,0
M5,R6,2.3,122,0,0
M5,R6,3.5,129,1,1
M5,R6,4.3,245,1,1
M5,R6,2.5,144,0,0
M5,R6,5.0,169,0,0
M5,R6,5.6,196,1,1
M5,R6,5.5,105,1,1
M5,R6,2.9,174,1,5
M5,R6,7.3,159,1,1
M5,R6,5.9,178,1,1
M5,R6,2.1,187,0,0
M5,R6,2.7,143,1,1
M5,R6,3.1,218,1,1
M5,R6,2.2,220,0,0
M5,R6,4.3,217,1,1
M5,R6,5.5,169,1,1
M5,R6,6.0,198,1,3
M5,R6,6.4,187,0,0
M5,R6,6.4,135,1,1
M5,R6,4.1,247,0,0
M5,R6,7.6,150,0,0
M5,R6,6.6,105,1,4
M5,R6,7.4,216,1,1
M5,R6,7.1,130,1,3
M5,R6,7.1,153,1,2
M5,R6,4.0,128,1,1
M5,R6,2.5,161,1,1
M5,R6,2.6,124,1,1
M5,R6,5.8,186,1,3
M5,R6,5.6,103,1,2
M5,R6,4.8,188,1,2
M5,R6,7.3,103,1,1
M5,R6,3.5,224,0,0
M5,R6,6.8,227,1,1
M5,R6,4.6,212,0,0
M5,R6,8.0,145,1,1
M5,R6,3.0,155,1,3
M5,R6,6.4,102,1,1
M5,R6,7.3,237,0,0
M5,R6,2.4,158,1,1
M5,R6,4.8,102,1,3
M5,R6,6.9,173,1,1
M5,R6,5.7,228,1,1
M5,R6,4.2,208,1,2
M5,R6,8.0,155,1,1
M5,R6,6.7,146,1,2
M5,R6,4.2,161,0,0
M16,R6,2.9,110,1,1
M16,R6,2.1,212,0,0
M16,R6,7.0,180,0,0
M16,R6,3.0,159,1,1
M16,R6,2.1,199,1,1
M16,R6,6.3,147,1,3
M16,R6,5.1,116,0,0
M16,R6,4.0,208,1,1
M16,R6,5.1,158,1,2
M16,R6,2.9,178,1,1
M16,R6,6.8,162,1,1
M16,R6,2.1,236,1,1
M16,R6,7.1,163,1,1
M16,R6,4.3,250,0,0
M16,R6,4.6,117,0,0
M16,R6,5.8,123,0,0
M16,R6,7.8,194,1,1
M16,R6,4.9,108,0,0
M16,R6,7.5,159,0,0
M16,R6,7.9,230,0,0
M16,R6,4.3,124,1,1
M16,R6,7.6,243,1,1
M1,R6,4.0,231,1,1
M1,R6,2.7,110,1,1
M1,R6,2.8,230,1,1
M1,R6,5.7,241,0,0
M1,R6,7.2,101,0,0
M1,R6,3.5,154,0,0
M1,R6,4.4,190,1,1
M1,R6,7.3,149,1,1
M1,R6,4.8,166,1,1
M1,R6,7.1,174,0,0
M1,R6,6.1,216,1,1
M1,R6,6.9,200,1,1
M1,R6,2.6,178,0,0
M1,R6,3.8,148,0,0
M1,R6,7.2,203,1,1
M1,R6,3.7,228,1,2
M1,R6,6.4,181,1,1
M1,R6,3.0,218,1,1
M20,R6,7.8,228,1,2
M20,R6,3.9,160,0,0
M20,R6,4.2,143,0,0
M20,R6,4.4,181,1,1
M20,R6,6.9,199,0,0
M20,R6,8.0,137,1,3
M20,R6,3.1,125,1,1
M20,R6,4.1,194,1,1
M20,R6,5.4,232,1,1
M20,R6,6.4,216,0,0
M20,R6,6.3,192,0,0
M20,R6,2.6,195,1,1
M20,R6,5.4,117,1,1
M20,R6,2.9,205,0,0
M20,R6,7.2,161,0,0
M20,R6,2.4,146,1,1
M2,R6,2.8,178,0,0
M2,R6,6.6,233,0,0
M2,R6,7.4,243,1,4
M2,R6,2.7,145,1,1
M2,R6,3.8,126,1,1
M2,R6,3.9,208,0,0
M2,R6,6.3,178,1,1
M2,R6,7.1,217,0,0
M2,R6,4.5,203,1,4
M13,R6,6.9,195,1,3
M13,R6,6.7,126,0,0
M3,R6,7.8,219,1,1
M10,R6,4.8,173,0,0
M17,R6,2.8,156,0,0
M7,R6,2.5,163,1,1
M19,R6,3.9,132,0,0
M4,R6,2.9,247,1,1
M18,R6,3.8,199,1,5
M14,R6,3.2,209,1,1
M12,R6,4.9,185,1,1
M15,R6,2.9,247,1,1
M9,R6,5.6,207,1,1
M19,R7,2.3,212,1,2
M19,R7,8.0,139,0,0
M19,R7,4.1,178,0,0
M19,R7,6.0,192,0,0
M19,R7,4.7,166,1,1
M19,R7,4.1,218,1,1
M19,R7,2.3,116,1,2
M19,R7,3.6,123,1,1
M19,R7,2.8,129,1,1
M19,R7,5.1,122,1,1
M19,R7,6.1,179,1,1
M19,R7,2.8,193,1,1
M19,R7,2.8,163,1,2
M19,R7,6.0,207,1,2
M19,R7,2.2,182,1,1
M19,R7,3.7,107,1,1
M19,R7,6.7,119,1,1
M19,R7,4.2,217,0,0
M19,R7,3.0,143,1,1
M19,R7,4.7,158,1,1
M19,R7,6.8,199,1,1
M19,R7,6.5,230,1,4
M19,R7,5.5,110,1,1
M19,R7,4.0,156,1,2
M19,R7,5.0,240,0,0
M19,R7,2.1,141,1,1
M19,R7,4.5,242,1,1
M19,R7,5.2,116,1,1
M17,R7,5.6,105,1,2
M17,R7,7.2,222,1,1
M17,R7,7.9,114,1,2
M17,R7,3.7,227,1,1
M17,R7,2.1,152,0,0
M17,R7,6.3,102,1,3
M17,R7,7.2,190,0,0
M17,R7,4.6,116,0,0
M17,R7,7.1,231,1,1
M17,R7,7.3,194,0,0
M17,R7,2.8,222,1,1
M17,R7,4.9,186,0,0
M17,R7,3.8,231,1,3
M17,R7,6.2,123,1,1
M17,R7,3.5,170,1,4
M17,R7,3.4,226,1,1
M17,R7,7.1,204,1,2
M17,R7,5.0,100,0,0
M17,R7,6.5,105,1,2
M17,R7,3.7,126,0,0
M17,R7,5.7,227,1,1
M17,R7,2.4,117,1,1
M17,R7,4.7,165,1,1
M17,R7,4.1,112,1,1
M16,R7,5.1,188,1,1
M16,R7,6.7,149,1,1
M16,R7,7.9,238,0,0
M16,R7,5.6,142,1,2
M16,R7,2.4,159,1,1
M16,R7,6.3,223,1,1
M16,R7,7.9,116,1,2
M16,R7,7.3,204,0,0
M16,R7,6.1,112,1,1
M16,R7,3.5,226,1,1
M16,R7,4.9,221,1,1
M16,R7,7.8,144,1,1
M16,R7,6.5,100,1,1
M20,R7,7.1,152,1,1
M20,R7,7.5,199,0,0
M20,R7,5.2,150,1,1
M20,R7,3.2,242,0,0
M20,R7,7.2,140,1,5
M20,R7,2.1,122,0,0
M20,R7,7.6,150,0,0
M20,R7,2.8,196,0,0
M20,R7,5.5,124,1,1
M20,R7,4.5,181,1,2
M20,R7,3.7,108,1,1
M20,R7,7.4,175,1,3
M4,R7,6.1,187,0,0
M4,R7,5.7,122,0,0
M4,R7,7.8,106,1,1
M4,R7,3.1,140,1,1
M4,R7,5.1,124,1,5
M12,R7,4.0,128,1,1
M12,R7,3.5,162,1,1
M12,R7,3.0,217,1,1
M13,R7,2.1,158,1,1
M13,R7,7.7,193,1,1
M13,R7,3.4,205,0,0
M2,R7,6.7,110,1,1
M1,R7,7.0,159,0,0
M8,R7,5.4,215,1,3
M11,R7,5.7,232,1,1
M15,R7,7.7,197,1,1
M1,R8,3.4,157,0,0
M1,R8,6.2,209,0,0
M1,R8,5.7,233,1,1
M1,R8,4.6,183,1,1
M1,R8,6.4,234,0,0
M1,R8,2.2,123,0,0
M1,R8,3.3,203,0,0
M1,R8,4.8,143,1,1
M1,R8,2.2,234,1,1
M1,R8,5.5,102,0,0
M14,R8,3.6,193,0,0
M14,R8,7.9,186,1,1
M14,R8,2.7,241,1,1
M14,R8,5.4,171,1,1
M14,R8,5.1,211,0,0
M14,R8,7.7,226,0,0
M14,R8,4.5,192,1,2
M14,R8,7.9,107,0,0
M14,R8,2.6,214,0,0
M14,R8,2.2,116,0,0
M14,R8,5.4,155,0,0
M14,R8,3.7,212,0,0
M14,R8,6.0,102,0,0
M14,R8,2.5,160,0,0
M14,R8,2.4,143,1,2
M14,R8,5.5,250,0,0
M14,R8,7.3,165,0,0
M14,R8,4.2,236,0,0
M14,R8,5.5,237,0,0
M14,R8,4.0,160,1,1
M14,R8,4.3,112,0,0
M14,R8,5.8,130,0,0
M14,R8,4.5,134,0,0
M14,R8,4.3,203,0,0
M14,R8,2.6,135,1,4
M14,R8,6.1,243,1,1
M14,R8,4.1,142,0,0
M14,R8,6.0,199,1,2
M14,R8,4.6,113,1,5
M14,R8,6.3,186,1,1
M19,R8,6.1,231,1,2
M6,R8,3.0,180,1,3
M6,R8,7.7,174,0,0
M16,R8,4.0,241,0,0
M16,R8,6.8,176,0,0
M16,R8,7.1,199,0,0
M5,R8,2.5,211,1,1
M5,R8,5.8,114,0,0
M5,R8,4.4,211,0,0
M5,R8,5.4,177,1,1
M5,R8,2.2,203,1,1
M5,R8,5.9,237,0,0
M5,R8,5.5,108,0,0
M5,R8,2.5,125,0,0
M5,R8,2.9,142,0,0
M5,R8,6.8,217,0,0
M5,R8,6.0,248,0,0
M5,R8,7.5,110,0,0
M18,R8,3.1,106,0,0
M18,R8,4.1,157,0,0
M18,R8,4.6,130,0,0
M13,R8,3.8,166,0,0
M13,R8,6.0,206,0,0
M9,R8,5.4,246,0,0
M9,R8,6.4,136,1,1
M9,R8,3.6,212,0,0
M9,R8,5.9,216,1,1
M11,R8,4.7,220,0,0
M17,R8,5.7,186,0,0
M17,R8,5.8,141,0,0
M17,R8,6.6,214,0,0
M17,R8,7.4,171,0,0
M17,R8,2.0,105,0,0
M9,R9,7.7,195,1,1
M9,R9,3.4,141,0,0
M9,R9,4.4,195,0,0
M9,R9,2.1,245,1,1
M9,R9,3.4,216,0,0
M9,R9,3.5,147,0,0
M9,R9,3.8,179,0,0
M9,R9,2.4,200,1,1
M9,R9,2.8,202,1,2
M9,R9,3.4,150,0,0
M9,R9,7.0,126,0,0
M9,R9,5.0,233,0,0
M9,R9,4.7,127,0,0
M9,R9,2.6,110,0,0
M9,R9,5.1,212,0,0
M9,R9,7.6,161,0,0
M9,R9,2.5,182,1,1
M9,R9,4.6,197,0,0
M9,R9,6.0,168,1,1
M9,R9,6.6,104,0,0
M9,R9,5.6,166,1,1
M9,R9,2.2,238,0,0
M9,R9,7.6,144,0,0
M9,R9,7.9,160,0,0
M9,R9,3.8,222,0,0
M9,R9,6.8,161,0,0
M9,R9,5.7,228,0,0
M9,R9,2.1,141,1,1
M9,R9,6.8,230,0,0
M9,R9,6.6,212,0,0
M9,R9,5.9,238,1,1
M9,R9,2.4,159,0,0
M9,R9,4.9,211,0,0
M9,R9,7.2,206,0,0
M9,R9,5.1,151,0,0
M9,R9,2.4,245,1,1
M9,R9,5.5,206,0,0
M9,R9,4.3,209,0,0
M9,R9,6.4,216,1,1
M9,R9,4.9,125,1,1
M9,R9,3.9,121,1,1
M9,R9,3.4,223,1,7
M9,R9,2.7,201,1,1
M17,R9,6.9,127,0,0
M17,R9,2.9,114,0,0
M17,R9,3.9,241,0,0
M17,R9,2.0,223,1,1
M17,R9,7.2,236,1,1
M17,R9,5.2,241,0,0
M17,R9,4.7,133,1,1
M17,R9,5.6,235,0,0
M17,R9,4.7,130,0,0
M17,R9,4.7,110,0,0
M17,R9,6.9,224,0,0
M17,R9,6.1,137,0,0
M17,R9,2.8,116,0,0
M17,R9,4.5,181,0,0
M17,R9,4.6,201,1,1
M17,R9,2.3,203,1,1
M17,R9,2.5,242,0,0
M17,R9,7.8,236,0,0
M17,R9,5.3,116,0,0
M17,R9,6.0,194,0,0
M17,R9,2.8,170,0,0
M17,R9,4.8,183,0,0
M17,R9,5.9,237,0,0
M17,R9,7.9,227,0,0
M17,R9,3.3,148,0,0
M17,R9,7.7,101,0,0
M17,R9,5.5,250,0,0
M17,R9,5.4,204,0,0
M17,R9,5.7,173,0,0
M17,R9,7.8,181,1,1
M17,R9,2.3,166,0,0
M17,R9,5.9,175,0,0
M17,R9,6.0,167,1,3
M17,R9,7.2,190,0,0
M17,R9,6.7,156,0,0
M17,R9,4.2,103,0,0
M17,R9,7.6,151,0,0
M17,R9,7.6,241,0,0
M17,R9,4.8,223,0,0
M17,R9,5.1,225,1,3
M17,R9,2.3,170,0,0
M17,R9,6.6,148,0,0
M17,R9,4.7,175,0,0
M17,R9,5.9,241,0,0
M17,R9,4.5,240,0,0
M17,R9,3.2,238,1,1
M17,R9,4.9,158,0,0
M17,R9,6.3,205,0,0
M17,R9,6.0,186,0,0
M17,R9,4.7,125,1,1
M17,R9,3.4,135,1,1
M17,R9,4.2,113,0,0
M17,R9,4.7,238,0,0
M17,R9,6.8,241,0,0
M17,R9,7.0,202,0,0
M17,R9,3.0,102,0,0
M17,R9,7.2,131,1,1
M17,R9,2.7,202,0,0
M17,R9,4.7,111,0,0
M17,R9,7.1,157,0,0
M17,R9,7.0,248,1,4
M17,R9,3.6,213,0,0
M8,R9,3.8,144,1,1
M8,R9,6.6,101,0,0
M8,R9,3.5,187,0,0
M8,R9,5.9,244,1,1
M8,R9,6.1,145,0,0
M8,R9,2.6,205,0,0
M8,R9,3.5,247,1,1
M8,R9,6.1,164,0,0
M8,R9,7.1,239,0,0
M8,R9,2.1,171,0,0
M8,R9,2.4,211,1,2
M8,R9,3.6,129,0,0
M8,R9,7.0,189,1,1
M8,R9,3.0,151,0,0
M8,R9,3.6,141,1,1
M8,R9,2.3,171,1,1
M8,R9,3.7,138,0,0
M8,R9,5.6,107,1,2
M8,R9,7.3,218,0,0
M8,R9,2.5,150,0,0
M8,R9,3.9,211,0,0
M8,R9,6.6,202,0,0
M5,R9,2.5,161,1,1
M5,R9,2.9,184,0,0
M5,R9,3.8,237,0,0
M5,R9,6.6,182,0,0
M5,R9,5.7,180,0,0
M5,R9,4.1,184,0,0
M5,R9,4.0,136,0,0
M5,R9,4.7,109,0,0
M5,R9,6.9,198,0,0
M5,R9,4.1,245,0,0
M5,R9,7.2,242,0,0
M5,R9,5.0,150,0,0
M5,R9,6.6,131,1,1
M10,R9,4.8,212,0,0
M10,R9,2.7,153,0,0
M10,R9,5.9,106,0,0
M10,R9,4.5,249,0,0
M10,R9,2.4,174,0,0
M10,R9,6.6,210,0,0
M10,R9,6.4,132,0,0
M10,R9,3.9,212,0,0
M14,R9,5.0,227,1,1
M14,R9,6.6,171,0,0
M14,R9,3.3,236,0,0
M14,R9,5.7,104,0,0
M14,R9,2.0,191,1,1
M14,R9,4.7,243,1,1
M14,R9,5.1,240,0,0
M11,R9,2.4,125,0,0
M11,R9,6.5,237,0,0
M4,R9,4.8,187,0,0
M4,R9,6.6,118,1,2
M12,R9,3.6,100,0,0
M19,R9,2.5,149,0,0
M6,R9,4.6,239,0,0
M2,R9,2.9,227,1,1
M3,R9,6.3,138,0,0
M18,R9,5.0,151,0,0
M13,R9,7.5,128,1,2
M16,R9,3.0,173,0,0
M7,R9,4.9,117,0,0
M20,R9,3.9,122,0,0
M16,R10,2.2,183,0,0
M16,R10,5.5,150,0,0
M16,R10,2.2,248,0,0
M16,R10,3.4,105,1,1
M16,R10,3.5,176,1,1
M16,R10,3.6,115,1,1
M16,R10,6.5,100,0,0
M16,R10,2.9,166,0,0
M16,R10,6.7,190,1,1
M16,R10,4.3,125,1,1
M16,R10,5.9,249,0,0
M16,R10,7.1,134,0,0
M16,R10,3.2,223,0,0
M16,R10,3.0,177,1,1
M16,R10,6.3,174,1,1
M16,R10,5.0,202,0,0
M16,R10,7.4,142,1,1
M16,R10,6.0,199,1,2
M16,R10,3.1,230,0,0
M16,R10,7.9,202,1,1
M16,R10,2.9,173,0,0
M16,R10,2.5,206,1,1
M16,R10,7.0,134,0,0
M16,R10,4.4,239,1,1
M16,R10,7.7,208,1,1
M16,R10,6.2,225,1,1
M16,R10,3.9,105,0,0
M16,R10,2.7,211,0,0
M16,R10,2.0,196,1,1
M16,R10,5.4,250,1,1
M16,R10,5.3,192,1,1
M16,R10,5.9,146,0,0
M1,R10,4.3,205,0,0
M1,R10,6.8,149,1,1
M1,R10,6.6,162,1,1
M1,R10,8.0,155,0,0
M1,R10,3.5,106,1,1
M1,R10,4.3,248,1,1
M20,R10,4.1,164,1,4
M20,R10,7.1,122,1,1
M20,R10,7.8,213,1,1
M20,R10,5.1,217,1,3
M20,R10,7.0,165,0,0
M20,R10,6.9,246,0,0
M20,R10,2.4,141,0,0
M20,R10,2.9,133,0,0
M20,R10,7.2,240,0,0
M20,R10,2.0,100,1,1
M20,R10,5.6,161,1,1
M20,R10,3.8,226,0,0
M20,R10,4.6,248,0,0
M20,R10,4.2,166,1,1
M20,R10,5.2,219,1,3
M20,R10,5.1,183,0,0
M20,R10,2.5,227,1,1
M20,R10,4.6,126,1,4
M20,R10,2.1,195,1,2
M20,R10,3.7,236,1,1
M20,R10,5.6,214,0,0
M15,R10,3.6,143,1,1
M15,R10,2.1,230,1,1
M15,R10,3.3,129,1,1
M15,R10,7.8,135,1,1
M15,R10,2.3,234,1,1
M10,R10,4.2,136,1,1
M10,R10,2.3,195,0,0
M10,R10,3.9,198,1,3
M10,R10,7.7,162,1,1
M10,R10,5.1,224,0,0
M10,R10,2.4,111,1,5
M10,R10,7.3,100,0,0
M10,R10,3.2,180,0,0
M4,R10,3.2,118,0,0
M4,R10,5.7,148,1,1
M2,R10,5.7,130,0,0
M2,R10,4.6,208,1,1
M2,R10,3.2,155,1,1
M2,R10,4.0,234,0,0
M14,R10,6.2,138,1,1
M14,R10,4.4,134,0,0
M14,R10,6.5,127,1,1
M14,R10,6.9,249,0,0
M14,R10,3.8,137,0,0
M14,R10,3.6,246,0,0
M13,R10,6.7,152,0,0
M13,R10,5.9,110,0,0
M18,R10,6.1,162,0,0
M18,R10,6.7,155,1,1
M9,R10,3.4,138,0,0
M9,R10,2.5,187,1,1
M12,R11,4.4,248,1,1
M12,R11,5.6,248,0,0
M12,R11,6.2,100,1,1
M12,R11,2.0,209,1,1
M12,R11,3.7,169,0,0
M12,R11,7.6,126,1,1
M12,R11,5.2,154,1,1
M12,R11,5.4,217,1,1
M12,R11,7.4,207,0,0
M12,R11,2.0,202,1,1
M12,R11,7.0,191,1,1
M12,R11,4.5,225,1,1
M12,R11,3.2,202,0,0
M12,R11,3.3,246,0,0
M12,R11,2.1,182,1,1
M12,R11,6.2,236,1,1
M12,R11,7.9,246,1,2
M12,R11,2.5,189,1,1
M12,R11,6.5,214,1,1
M12,R11,6.6,123,1,3
M12,R11,4.6,110,0,0
M12,R11,3.4,206,1,1
M12,R11,6.8,190,1,1
M12,R11,4.2,194,1,1
M12,R11,8.0,119,1,2
M12,R11,7.9,113,1,1
M12,R11,2.7,131,0,0
M12,R11,3.8,179,1,1
M12,R11,6.1,233,0,0
M12,R11,2.2,137,0,0
M2,R11,5.0,142,0,0
M2,R11,6.9,186,1,1
M2,R11,3.6,217,1,2
M2,R11,5.4,243,1,1
M2,R11,7.9,189,1,2
M2,R11,7.0,126,1,1
M2,R11,2.7,201,0,0
M2,R11,2.2,102,1,3
M2,R11,5.0,110,1,1
M2,R11,8.0,185,1,1
M2,R11,6.0,114,1,1
M2,R11,6.2,109,1,1
M2,R11,2.3,187,1,1
M2,R11,2.7,208,1,2
M2,R11,5.1,204,1,1
M2,R11,3.2,165,1,1
M2,R11,6.7,226,1,1
M2,R11,5.1,122,1,1
M2,R11,3.6,210,1,2
M8,R11,5.8,220,0,0
M8,R11,6.3,103,0,0
M8,R11,4.9,198,1,2
M8,R11,2.4,151,0,0
M8,R11,3.9,134,0,0
M8,R11,8.0,174,1,1
M8,R11,5.3,118,1,2
M8,R11,3.3,136,1,1
M8,R11,3.1,215,0,0
M8,R11,5.0,179,1,1
M8,R11,6.7,175,1,1
M8,R11,5.8,192,1,1
M8,R11,3.0,247,1,1
M8,R11,6.9,108,1,1
M8,R11,5.3,177,1,1
M8,R11,7.6,228,1,1
M8,R11,3.1,124,1,1
M8,R11,2.3,104,1,1
M8,R11,7.2,158,1,3
M8,R11,4.5,221,1,1
M8,R11,4.0,219,0,0
M8,R11,2.8,147,1,3
M8,R11,2.9,192,1,1
M8,R11,5.5,242,1,1
M8,R11,4.7,111,1,1
M8,R11,3.2,246,0,0
M8,R11,7.6,183,1,1
M8,R11,4.0,212,1,3
M8,R11,4.3,225,1,1
M11,R11,6.6,236,0,0
M11,R11,7.8,121,1,1
M11,R11,6.6,242,1,1
M11,R11,7.1,154,1,1
M11,R11,2.8,162,0,0
M11,R11,5.6,117,0,0
M11,R11,7.5,240,1,1
M11,R11,3.3,240,1,1
M11,R11,3.8,181,0,0
M11,R11,5.9,152,1,1
M11,R11,4.3,165,1,1
M11,R11,5.3,110,1,1
M11,R11,6.1,147,1,3
M11,R11,4.6,185,1,1
M11,R11,3.2,178,1,1
M11,R11,5.5,207,0,0
M11,R11,6.9,214,1,1
M6,R11,3.7,152,1,3
M6,R11,2.6,144,0,0
M6,R11,5.8,213,1,1
M6,R11,5.7,128,1,1
M4,R11,8.0,109,1,2
M4,R11,2.6,163,1,1
M20,R11,7.1,226,1,1
M20,R11,6.7,124,0,0
M16,R11,4.5,206,1,1
M16,R11,6.7,192,1,1
M13,R11,7.9,208,1,1
M18,R11,4.2,243,0,0
M5,R11,6.6,176,1,3
M1,R11,3.3,134,1,1
M3,R11,2.4,147,0,0
M14,R11,2.1,137,1,1
M19,R11,2.5,119,1,1
M7,R11,6.6,249,1,1
M15,R11,5.8,197,1,4
M9,R11,4.9,144,1,2
M4,R12,5.6,183,0,0
M4,R12,3.8,207,0,0
M4,R12,7.5,119,0,0
M4,R12,6.8,159,1,1
M4,R12,4.9,161,1,1
M4,R12,6.6,132,0,0
M4,R12,5.8,196,1,5
M4,R12,3.1,131,0,0
M4,R12,6.3,163,0,0
M4,R12,5.7,184,0,0
M4,R12,3.8,120,1,1
M4,R12,5.3,197,0,0
M4,R12,4.6,204,0,0
M4,R12,2.8,147,0,0
M4,R12,4.7,120,1,1
M4,R12,4.4,206,1,1
M4,R12,4.6,180,0,0
M4,R12,6.2,247,0,0
M5,R12,4.3,192,0,0
M5,R12,3.6,234,0,0
M5,R12,5.3,250,0,0
M7,R12,5.7,156,1,2
M7,R12,6.1,227,0,0
M7,R12,6.1,211,0,0
M7,R12,2.9,157,0,0
M7,R12,7.7,229,0,0
M7,R12,3.9,244,1,4
M7,R12,2.6,250,0,0
M7,R12,4.4,189,0,0
M7,R12,5.0,197,1,1
M7,R12,6.7,151,0,0
M7,R12,4.9,176,1,3
M7,R12,2.4,188,0,0
M7,R12,7.9,201,0,0
M7,R12,2.7,142,0,0
M7,R12,5.2,155,0,0
M7,R12,3.3,116,0,0
M1,R12,7.5,130,0,0
M1,R12,6.2,110,0,0
M1,R12,2.9,182,1,1
M1,R12,2.4,142,1,1
M1,R12,7.4,241,0,0
M1,R12,5.1,146,1,1
M1,R12,5.7,140,0,0
M1,R12,2.4,230,1,1
M1,R12,2.2,115,1,2
M1,R12,6.1,155,1,3
M1,R12,6.2,180,0,0
M1,R12,6.7,113,0,0
M1,R12,7.3,111,1,2
M20,R12,4.8,213,1,1
M20,R12,3.0,147,1,1
M20,R12,3.7,230,1,1
M20,R12,4.9,145,1,1
M20,R12,5.1,204,0,0
M20,R12,5.9,148,0,0
M20,R12,4.2,145,1,1
M20,R12,7.1,231,0,0
M20,R12,5.1,213,0,0
M12,R12,7.9,103,1,2
M12,R12,5.5,187,0,0
M12,R12,4.8,141,0,0
M12,R12,7.1,123,0,0
M12,R12,6.4,209,1,1
M12,R12,3.6,245,1,2
M12,R12,2.6,164,1,1
M12,R12,3.7,153,0,0
M12,R12,7.4,181,0,0
M12,R12,7.5,176,0,0
M12,R12,6.7,141,0,0
M12,R12,2.7,220,0,0
M2,R12,5.9,234,0,0
M2,R12,3.1,157,0,0
M2,R12,7.5,137,0,0
M2,R12,2.9,250,1,3
M2,R12,6.5,149,1,2
M9,R12,5.8,214,1,1
M9,R12,3.0,131,1,1
M6,R12,3.1,241,1,1
M6,R12,7.5,231,0,0
M6,R12,5.4,117,1,1
M13,R12,7.2,141,1,1
M13,R12,7.4,181,1,1
M13,R12,2.7,210,0,0
M13,R12,3.5,123,0,0
M13,R12,2.4,239,0,0
M13,R12,4.4,143,1,1
M13,R12,4.4,121,0,0
M13,R12,2.5,216,0,0
M13,R13,3.8,210,0,0
M13,R13,5.0,143,1,1
M13,R13,7.6,186,1,3
M13,R13,7.9,146,1,2
M13,R13,4.7,188,0,0
M13,R13,5.7,210,1,2
M13,R13,2.2,204,1,1
M13,R13,5.8,198,0,0
M13,R13,6.2,152,0,0
M13,R13,4.6,167,1,3
M13,R13,6.7,189,1,2
M13,R13,4.6,177,1,1
M13,R13,5.9,221,1,1
M13,R13,4.2,163,1,3
M13,R13,2.0,192,1,1
M13,R13,5.0,247,1,1
M13,R13,3.9,116,1,3
M13,R13,4.3,140,1,1
M13,R13,8.0,184,1,2
M13,R13,6.1,196,1,3
M13,R13,7.7,162,1,1
M13,R13,7.9,147,1,1
M13,R13,5.5,149,1,2
M13,R13,7.7,242,1,1
M13,R13,6.6,125,0,0
M13,R13,7.1,192,1,1
M13,R13,5.2,129,1,2
M13,R13,5.3,243,1,1
M13,R13,2.8,134,1,1
M13,R13,3.7,171,0,0
M13,R13,3.6,234,1,1
M13,R13,5.5,112,1,1
M13,R13,4.6,119,1,3
M13,R13,4.1,207,1,3
M13,R13,7.4,108,1,1
M1,R13,7.0,160,1,1
M1,R13,4.2,168,1,3
M1,R13,4.7,167,0,0
M1,R13,6.9,193,1,1
M1,R13,7.3,123,0,0
M1,R13,7.6,160,0,0
M1,R13,6.6,150,1,2
M1,R13,7.5,219,1,1
M1,R13,2.9,124,0,0
M1,R13,2.2,242,1,2
M1,R13,5.0,124,1,1
M1,R13,5.5,182,1,1
M1,R13,6.9,218,0,0
M1,R13,5.1,179,0,0
M19,R13,4.7,247,0,0
M19,R13,7.8,112,1,1
M19,R13,7.4,144,1,2
M19,R13,4.6,102,1,1
M19,R13,5.4,210,1,1
M19,R13,3.1,247,1,1
M19,R13,6.6,147,1,1
M19,R13,3.0,239,1,1
M19,R13,3.0,180,1,1
M19,R13,7.3,166,0,0
M19,R13,3.4,111,1,1
M19,R13,6.2,204,1,1
M19,R13,2.5,182,0,0
M19,R13,7.8,124,1,2
M19,R13,3.8,115,1,1
M19,R13,4.0,172,0,0
M19,R13,3.2,138,0,0
M19,R13,2.5,152,1,1
M19,R13,3.5,188,0,0
M19,R13,3.4,107,0,0
M19,R13,5.5,197,1,1
M19,R13,7.6,205,1,1
M19,R13,3.2,247,0,0
M19,R13,2.0,116,1,1
M14,R13,2.8,137,0,0
M14,R13,3.2,133,1,1
M14,R13,5.5,191,1,2
M14,R13,6.0,132,0,0
M14,R13,4.3,160,1,1
M14,R13,7.5,237,0,0
M14,R13,5.7,189,1,1
M14,R13,4.4,225,1,1
M14,R13,6.5,137,1,1
M14,R13,5.2,166,1,1
M14,R13,5.2,250,1,1
M14,R13,6.5,194,0,0
M14,R13,6.2,200,0,0
M14,R13,7.0,150,1,1
M14,R13,6.7,120,0,0
M14,R13,4.3,212,0,0
M14,R13,7.8,119,1,1
M14,R13,3.3,105,1,1
M14,R13,7.3,225,0,0
M16,R13,2.1,191,1,1
M16,R13,3.9,188,0,0
M16,R13,7.9,159,1,1
M16,R13,6.2,212,1,3
M16,R13,7.9,122,1,1
M16,R13,7.9,173,1,1
M16,R13,4.1,147,1,3
M3,R13,3.5,155,1,1
M3,R13,3.2,153,0,0
M3,R13,5.7,249,1,2
M3,R13,6.7,246,1,5
M3,R13,4.3,151,1,4
M3,R13,3.4,104,0,0
M3,R13,3.0,205,0,0
M3,R13,4.6,202,1,1
M3,R13,4.4,125,1,1
M8,R13,5.6,173,0,0
M8,R13,2.5,117,1,1
M8,R13,5.7,239,1,4
M8,R13,6.9,168,1,1
M8,R13,6.5,109,1,1
M8,R13,2.7,244,1,2
M8,R13,7.4,167,0,0
M8,R13,4.1,228,0,0
M8,R13,4.6,126,0,0
M8,R13,3.6,110,1,1
M8,R13,2.1,157,1,1
M8,R13,2.8,203,1,1
M8,R13,6.7,127,1,1
M8,R13,7.4,119,1,1
M7,R13,6.3,120,1,1
M7,R13,4.0,149,1,1
M7,R13,4.6,109,1,1
M7,R13,3.3,143,1,1
M7,R13,4.6,129,0,0
M7,R13,4.8,107,1,3
M7,R13,2.9,131,0,0
M7,R13,4.7,121,1,2
M7,R13,5.0,110,1,1
M7,R13,6.3,135,1,1
M7,R13,3.2,122,0,0
M20,R13,4.0,165,0,0
M20,R13,2.2,145,1,2
M20,R13,6.9,112,1,1
M20,R13,2.3,161,1,1
M20,R13,3.1,205,0,0
M20,R13,3.4,231,1,3
M20,R13,5.8,114,1,2
M20,R13,7.3,133,0,0
M6,R13,7.7,207,1,1
M6,R13,4.2,192,1,2
M11,R13,3.9,112,1,1
M11,R13,7.4,197,1,2
M11,R13,2.2,178,0,0
M11,R13,3.2,156,0,0
M15,R13,3.5,208,1,1
M15,R13,7.3,233,1,1
M15,R13,7.5,244,1,1
M15,R13,5.3,248,1,2
M10,R13,3.7,168,1,1
M10,R13,4.5,136,1,1
M18,R13,7.8,127,1,2
M18,R13,7.0,154,0,0
M18,R13,7.9,117,0,0
M6,R14,2.4,213,1,1
M6,R14,4.0,106,0,0
M6,R14,2.1,101,1,3
M6,R14,2.0,175,0,0
M6,R14,6.9,196,0,0
M6,R14,4.5,238,0,0
M6,R14,2.3,105,0,0
M6,R14,2.6,158,0,0
M6,R14,2.5,179,0,0
M6,R14,3.1,163,1,1
M6,R14,7.8,240,0,0
M6,R14,5.5,197,0,0
M6,R14,6.7,225,0,0
M6,R14,7.2,110,0,0
M6,R14,5.6,107,0,0
M6,R14,5.7,112,0,0
M6,R14,6.1,123,1,1
M6,R14,6.3,182,1,1
M6,R14,7.5,107,0,0
M6,R14,4.3,224,0,0
M6,R14,2.5,169,0,0
M6,R14,2.2,188,0,0
M6,R14,5.6,112,0,0
M6,R14,3.6,125,0,0
M6,R14,5.1,183,1,3
M6,R14,4.6,190,0,0
M6,R14,6.7,109,0,0
M6,R14,2.1,198,1,3
M6,R14,6.9,204,0,0
M6,R14,4.2,220,1,2
M6,R14,2.1,153,0,0
M6,R14,6.4,233,0,0
M6,R14,3.6,210,0,0
M6,R14,2.6,102,0,0
M6,R14,4.1,125,0,0
M6,R14,6.5,207,0,0
M6,R14,2.8,110,1,1
M6,R14,7.4,169,0,0
M6,R14,2.1,248,1,1
M6,R14,2.9,241,0,0
M6,R14,3.0,203,0,0
M6,R14,6.0,184,0,0
M6,R14,5.6,212,1,1
M6,R14,7.9,108,1,2
M6,R14,4.3,225,0,0
M6,R14,3.4,155,1,1
M6,R14,5.3,243,0,0
M6,R14,4.5,201,0,0
M6,R14,4.2,200,0,0
M6,R14,2.7,148,0,0
M6,R14,5.5,143,0,0
M6,R14,2.7,101,0,0
M6,R14,5.4,214,0,0
M6,R14,4.6,215,0,0
M6,R14,6.8,131,1,1
M6,R14,5.4,123,0,0
M6,R14,4.2,220,0,0
M6,R14,4.6,123,0,0
M6,R14,5.7,128,0,0
M6,R14,3.7,218,0,0
M6,R14,7.9,226,0,0
M6,R14,2.3,186,0,0
M6,R14,7.2,242,0,0
M3,R14,3.8,173,0,0
M3,R14,4.6,154,1,3
M3,R14,2.4,165,1,1
M3,R14,4.7,111,0,0
M3,R14,5.9,174,0,0
M3,R14,6.7,217,0,0
M3,R14,7.7,145,0,0
M3,R14,3.6,203,1,1
M3,R14,7.6,137,0,0
M3,R14,6.6,108,0,0
M3,R14,3.3,199,0,0
M8,R14,3.7,110,0,0
M8,R14,7.3,132,0,0
M8,R14,5.2,227,1,3
M8,R14,7.1,248,0,0
M8,R14,2.8,222,0,0
M8,R14,2.6,100,0,0
M8,R14,6.4,176,0,0
M8,R14,6.6,141,0,0
M8,R14,5.9,129,1,3
M8,R14,6.4,208,1,1
M8,R14,3.8,104,1,1
M8,R14,3.5,169,1,2
M8,R14,2.9,110,0,0
M8,R14,3.9,165,0,0
M8,R14,7.8,148,1,1
M1,R14,3.7,117,0,0
M1,R14,4.7,249,0,0
M1,R14,4.8,125,0,0
M1,R14,7.2,181,0,0
M1,R14,5.0,191,0,0
M1,R14,6.5,198,0,0
M1,R14,3.7,244,0,0
M1,R14,2.3,172,0,0
M1,R14,7.6,155,1,2
M1,R14,4.6,154,0,0
M1,R14,2.6,239,0,0
M1,R14,7.7,243,0,0
M1,R14,5.0,160,1,3
M1,R14,2.8,250,0,0
M1,R14,2.9,193,0,0
M5,R14,6.5,234,0,0
M5,R14,7.4,131,0,0
M5,R14,2.2,118,0,0
M5,R14,5.3,182,0,0
M5,R14,6.1,229,0,0
M5,R14,4.2,134,0,0
M5,R14,2.4,171,1,3
M5,R14,6.1,204,0,0
M2,R14,2.7,126,1,1
M2,R14,6.4,146,0,0
M2,R14,4.4,194,1,1
M2,R14,3.4,173,1,1
M2,R14,2.9,100,1,1
M2,R14,2.1,167,0,0
M2,R14,7.4,105,1,6
M2,R14,7.7,105,0,0
M2,R14,6.0,176,0,0
M2,R14,3.1,104,0,0
M2,R14,7.8,234,0,0
M2,R14,5.7,185,1,3
M4,R14,6.9,104,0,0
M4,R14,4.1,140,0,0
M4,R14,4.5,125,0,0
M4,R14,6.1,180,1,2
M4,R14,5.4,212,0,0
M4,R14,5.7,176,0,0
M16,R14,2.8,235,0,0
M18,R14,6.3,210,0,0
M17,R14,6.7,103,0,0
M9,R14,4.9,190,0,0
M13,R14,4.7,180,0,0
M12,R14,3.0,107,0,0
M19,R14,6.5,212,0,0
M15,R14,2.5,130,0,0
M10,R14,6.0,210,0,0
M14,R14,5.5,226,0,0
M15,R15,8.0,212,0,0
M15,R15,4.6,186,0,0
M15,R15,5.0,125,1,2
M15,R15,5.7,215,0,0
M15,R15,4.3,186,0,0
M15,R15,4.0,114,1,1
M15,R15,6.9,239,0,0
M15,R15,3.6,182,0,0
M15,R15,6.7,166,1,1
M15,R15,6.4,241,0,0
M15,R15,5.8,241,1,1
M15,R15,5.5,159,0,0
M15,R15,6.2,246,0,0
M15,R15,5.6,235,0,0
M15,R15,4.7,144,1,2
M15,R15,5.1,173,1,2
M15,R15,2.7,122,1,1
M15,R15,3.2,218,0,0
M15,R15,2.8,191,1,1
M15,R15,3.7,210,0,0
M15,R15,7.9,112,0,0
M15,R15,2.1,104,0,0
M15,R15,5.4,115,0,0
M15,R15,3.3,139,1,2
M15,R15,6.4,120,1,1
M15,R15,3.4,101,0,0
M15,R15,4.4,217,0,0
M15,R15,8.0,208,0,0
M15,R15,2.2,210,1,2
M15,R15,5.1,157,0,0
M15,R15,4.2,136,0,0
M15,R15,3.7,136,0,0
M15,R15,6.4,134,0,0
M15,R15,4.6,223,0,0
M15,R15,4.4,207,0,0
M15,R15,4.2,239,1,1
M15,R15,5.6,121,0,0
M15,R15,3.1,198,1,3
M15,R15,7.5,215,1,1
M15,R15,7.6,222,0,0
M15,R15,7.3,228,0,0
M15,R15,3.1,146,0,0
M15,R15,7.7,156,0,0
M15,R15,7.6,235,0,0
M15,R15,7.0,241,0,0
M15,R15,4.3,126,1,2
M15,R15,6.8,201,0,0
M15,R15,4.4,211,0,0
M15,R15,7.6,113,0,0
M15,R15,6.0,242,1,2
M15,R15,4.1,121,0,0
M15,R15,2.3,112,1,2
M15,R15,3.2,155,0,0
M15,R15,5.8,200,0,0
M15,R15,4.7,241,0,0
M15,R15,4.0,204,1,1
M15,R15,6.7,125,0,0
M15,R15,4.0,143,0,0
M15,R15,6.1,156,0,0
M15,R15,7.7,186,1,1
M15,R15,6.4,139,0,0
M15,R15,3.1,199,0,0
M15,R15,6.3,233,1,1
M15,R15,6.9,245,0,0
M15,R15,5.1,202,0,0
M15,R15,7.1,243,0,0
M15,R15,7.7,231,1,1
M15,R15,3.7,238,0,0
M15,R15,7.4,223,0,0
M15,R15,5.8,112,0,0
M15,R15,3.8,250,0,0
M7,R15,5.3,227,0,0
M7,R15,3.0,170,1,1
M7,R15,7.8,151,1,3
M7,R15,4.5,211,0,0
M7,R15,4.8,230,0,0
M7,R15,3.3,151,1,1
M7,R15,2.8,225,0,0
M7,R15,5.4,239,0,0
M7,R15,7.0,173,0,0
M7,R15,7.4,233,0,0
M7,R15,2.5,108,0,0
M7,R15,4.5,213,0,0
M7,R15,6.6,142,0,0
M7,R15,7.4,190,1,1
M7,R15,3.4,109,1,1
M7,R15,6.1,193,0,0
M7,R15,7.8,168,1,1
M7,R15,6.6,209,1,1
M7,R15,2.4,174,0,0
M7,R15,7.8,213,0,0
M7,R15,3.3,169,0,0
M7,R15,7.1,121,0,0
M7,R15,7.5,176,1,5
M7,R15,6.7,247,0,0
M7,R15,7.0,111,0,0
M7,R15,3.5,220,1,1
M7,R15,3.5,111,0,0
M7,R15,3.9,111,0,0
M7,R15,3.6,162,0,0
M7,R15,2.8,106,0,0
M7,R15,4.0,129,0,0
M7,R15,3.1,163,0,0
M7,R15,5.0,110,1,1
M7,R15,6.9,239,0,0
M7,R15,3.7,117,0,0
M7,R15,4.8,157,0,0
M5,R15,2.4,218,0,0
M5,R15,6.4,171,1,1
M5,R15,6.7,203,0,0
M5,R15,2.8,206,0,0
M5,R15,2.0,215,0,0
M5,R15,5.8,200,0,0
M5,R15,2.4,162,0,0
M5,R15,5.4,113,1,1
M5,R15,5.2,119,0,0
M5,R15,4.9,109,0,0
M5,R15,7.8,240,0,0
M5,R15,3.4,112,1,1
M5,R15,5.9,135,0,0
M5,R15,2.9,108,0,0
M5,R15,5.7,234,1,4
M5,R15,3.0,219,1,3
M5,R15,2.9,138,0,0
M5,R15,7.3,232,1,1
M5,R15,7.2,227,0,0
M5,R15,6.6,130,0,0
M5,R15,7.5,103,1,2
M5,R15,7.6,179,1,1
M5,R15,6.4,219,0,0
M5,R15,3.5,134,1,1
M5,R15,4.7,120,0,0
M5,R15,4.7,177,0,0
M5,R15,2.4,156,1,1
M5,R15,5.3,207,0,0
M5,R15,2.4,234,1,1
M5,R15,5.3,143,0,0
M5,R15,7.9,186,0,0
M5,R15,7.6,249,0,0
M5,R15,7.5,233,0,0
M5,R15,3.5,197,0,0
M11,R15,5.5,200,0,0
M11,R15,7.8,220,1,1
M11,R15,3.2,204,1,3
M11,R15,7.3,132,0,0
M11,R15,7.5,160,0,0
M11,R15,2.9,229,0,0
M11,R15,2.8,101,0,0
M11,R15,3.5,186,0,0
M11,R15,5.9,204,1,1
M11,R15,7.6,239,1,1
M11,R15,4.1,224,0,0
M11,R15,5.0,131,0,0
M6,R15,3.5,210,1,2
M6,R15,5.3,228,0,0
M6,R15,8.0,219,0,0
M6,R15,4.4,178,0,0
M6,R15,4.9,238,0,0
M6,R15,3.6,119,0,0
M10,R15,4.6,239,0,0
M10,R15,6.5,121,0,0
M2,R15,3.9,173,0,0
M2,R15,7.3,126,0,0
M2,R15,2.6,191,0,0
M2,R15,7.5,177,0,0
M2,R15,3.9,246,0,0
M13,R15,3.4,240,0,0
M12,R15,7.8,169,0,0
M3,R15,3.9,143,0,0
M3,R15,6.1,148,0,0
M3,R15,3.3,214,0,0
M3,R15,5.9,110,0,0
M3,R15,4.5,167,0,0
M3,R15,7.6,174,0,0
M1,R15,6.9,219,0,0
M19,R15,4.9,200,0,0
M20,R15,3.2,125,0,0
M17,R15,2.9,127,0,0
M16,R15,2.1,228,1,1
M16,R15,7.9,101,0,0
M12,R16,2.1,153,0,0
M12,R16,2.4,200,0,0
M12,R16,4.1,112,1,1
M12,R16,4.6,177,0,0
M12,R16,6.9,188,1,1
M12,R16,3.9,139,1,2
M12,R16,6.9,113,0,0
M12,R16,3.7,138,0,0
M12,R16,7.4,213,1,2
M12,R16,6.7,141,0,0
M12,R16,6.3,159,0,0
M12,R16,3.7,229,0,0
M12,R16,3.4,162,0,0
M12,R16,2.6,229,0,0
M12,R16,7.9,213,0,0
M12,R16,7.4,241,0,0
M12,R16,3.4,103,0,0
M12,R16,3.7,121,1,1
M13,R16,3.1,234,1,1
M13,R16,5.5,158,0,0
M13,R16,2.1,187,1,1
M13,R16,4.2,109,1,1
M13,R16,4.1,175,0,0
M13,R16,6.2,152,0,0
M13,R16,6.7,165,1,1
M13,R16,5.0,160,0,0
M13,R16,4.6,134,0,0
M13,R16,6.6,207,0,0
M13,R16,5.1,150,0,0
M13,R16,3.1,167,0,0
M13,R16,3.4,238,0,0
M13,R16,5.5,162,0,0
M13,R16,7.5,176,0,0
M13,R16,3.5,111,1,2
M13,R16,6.2,135,1,1
M13,R16,7.5,232,0,0
M13,R16,2.3,127,1,1
M13,R16,5.3,175,0,0
M13,R16,7.1,169,1,1
M13,R16,5.5,100,0,0
M13,R16,6.5,184,0,0
M13,R16,6.5,146,0,0
M13,R16,3.7,121,0,0
M13,R16,5.7,181,1,2
M13,R16,7.0,204,0,0
M13,R16,7.0,189,0,0
M13,R16,3.2,101,1,2
M13,R16,6.1,136,0,0
M13,R16,5.9,156,1,1
M13,R16,4.9,206,1,5
M13,R16,3.0,194,0,0
M13,R16,4.0,126,1,6
M13,R16,3.7,216,0,0
M13,R16,7.8,202,1,2
M13,R16,4.0,164,0,0
M13,R16,5.7,119,1,5
M13,R16,4.3,155,0,0
M13,R16,4.3,229,1,1
M13,R16,3.9,237,0,0
M13,R16,5.3,186,0,0
M10,R16,6.5,139,0,0
M10,R16,6.6,208,0,0
M10,R16,3.9,231,0,0
M10,R16,7.9,158,0,0
M10,R16,3.6,197,1,1
M10,R16,7.2,209,0,0
M10,R16,7.7,112,0,0
M10,R16,3.7,170,0,0
M10,R16,6.4,246,1,2
M10,R16,6.2,231,0,0
M10,R16,2.2,169,0,0
M10,R16,5.4,231,0,0
M18,R16,2.8,201,1,1
M18,R16,5.4,172,0,0
M18,R16,4.5,117,0,0
M18,R16,5.2,216,0,0
M18,R16,4.6,212,0,0
M18,R16,6.3,213,0,0
M18,R16,6.6,119,0,0
M18,R16,5.7,124,1,2
M2,R16,3.0,184,0,0
M2,R16,5.9,125,1,4
M2,R16,4.0,234,0,0
M2,R16,4.0,216,0,0
M2,R16,7.2,179,1,3
M2,R16,7.4,219,0,0
M2,R16,4.6,135,1,1
M2,R16,3.6,213,1,5
M4,R16,5.0,225,0,0
M4,R16,7.5,169,0,0
M4,R16,6.3,236,0,0
M4,R16,6.4,219,1,1
M4,R16,7.1,121,0,0
M4,R16,7.9,200,0,0
M14,R16,3.9,244,1,1
M8,R16,7.1,246,1,1
M8,R16,5.5,213,0,0
M8,R16,2.3,219,0,0
M20,R16,3.9,136,0,0
M16,R16,3.4,159,1,1
M7,R16,4.3,179,1,1
M5,R16,8.0,114,1,1
M6,R16,6.6,172,0,0
M17,R16,2.6,149,0,0
M11,R17,7.6,203,1,1
M11,R17,6.4,242,1,1
M11,R17,5.2,231,0,0
M11,R17,3.6,124,0,0
M11,R17,7.2,112,1,1
M11,R17,6.3,179,1,1
M11,R17,2.5,237,0,0
M11,R17,6.4,230,0,0
M11,R17,7.8,213,0,0
M11,R17,7.4,179,0,0
M11,R17,3.0,179,1,1
M11,R17,2.6,250,1,1
M11,R17,6.1,108,1,1
M11,R17,7.3,126,1,1
M4,R17,3.3,249,1,1
M4,R17,2.1,161,0,0
M4,R17,4.1,204,0,0
M4,R17,2.3,236,0,0
M4,R17,4.3,129,1,2
M4,R17,2.1,160,0,0
M4,R17,2.8,168,0,0
M4,R17,5.0,230,0,0
M4,R17,2.4,153,1,7
M4,R17,7.6,222,1,1
M4,R17,3.8,223,0,0
M4,R17,6.6,173,0,0
M4,R17,7.1,148,0,0
M4,R17,2.3,179,0,0
M4,R17,6.8,203,1,4
M4,R17,6.8,116,1,3
M4,R17,6.2,235,1,2
M5,R17,4.1,225,0,0
M5,R17,5.2,188,1,1
M5,R17,4.7,183,0,0
M5,R17,6.6,182,1,1
M5,R17,6.2,193,0,0
M5,R17,5.8,172,1,1
M5,R17,2.7,205,1,1
M5,R17,5.1,149,1,1
M5,R17,5.2,164,1,1
M5,R17,5.9,198,1,1
M5,R17,5.4,132,0,0
M5,R17,4.9,146,1,1
M5,R17,3.6,234,0,0
M5,R17,4.8,142,1,1
M5,R17,4.5,130,0,0
M5,R17,5.3,161,0,0
M5,R17,4.3,192,0,0
M5,R17,3.2,147,0,0
M5,R17,3.4,160,1,1
M5,R17,3.6,248,0,0
M5,R17,4.2,162,0,0
M5,R17,5.5,107,1,1
M5,R17,4.3,112,0,0
M5,R17,7.3,247,0,0
M8,R17,6.6,208,1,1
M14,R17,4.2,142,1,2
M14,R17,4.0,246,1,1
M2,R17,2.2,127,1,1
M2,R17,5.8,188,0,0
M2,R17,4.8,203,1,6
M2,R17,5.8,140,1,3
M2,R17,2.4,138,0,0
M2,R17,2.0,182,0,0
M2,R17,6.4,173,1,3
M2,R17,7.1,212,0,0
M2,R17,7.7,122,0,0
M2,R17,5.4,181,1,1
M2,R17,4.3,138,0,0
M2,R17,2.2,176,1,1
M6,R17,5.5,120,0,0
M6,R17,7.9,129,0,0
M3,R17,4.4,240,0,0
M3,R17,6.1,242,0,0
M10,R17,2.4,125,0,0
M10,R17,2.4,101,0,0
M10,R17,2.8,136,0,0
M10,R17,7.2,145,1,1
M10,R17,7.4,206,1,1
M16,R17,5.1,191,0,0
M16,R17,7.3,226,0,0
M16,R17,5.2,215,1,1
M17,R17,6.6,101,1,1
M17,R17,7.6,236,0,0
M17,R17,4.2,166,0,0
M17,R17,7.9,123,1,2
M17,R17,4.4,221,0,0
M17,R17,3.9,215,1,1
M17,R17,4.5,117,0,0
M17,R17,3.7,119,1,1
M2,R18,2.7,250,0,0
M2,R18,2.3,158,0,0
M2,R18,5.5,201,0,0
M2,R18,3.6,168,0,0
M2,R18,3.2,116,1,7
M2,R18,3.3,176,0,0
M2,R18,5.3,168,1,1
M2,R18,3.6,242,0,0
M2,R18,3.9,118,0,0
M2,R18,5.3,138,1,3
M2,R18,6.4,168,0,0
M2,R18,6.2,250,0,0
M2,R18,2.4,136,0,0
M2,R18,3.9,161,0,0
M2,R18,7.2,248,0,0
M2,R18,7.1,187,0,0
M2,R18,2.3,214,1,2
M2,R18,7.8,151,0,0
M2,R18,3.6,248,1,1
M2,R18,3.1,211,1,1
M2,R18,7.5,227,1,1
M2,R18,7.6,126,0,0
M2,R18,3.5,247,0,0
M2,R18,3.9,199,0,0
M2,R18,6.0,120,0,0
M2,R18,6.4,223,0,0
M2,R18,4.3,118,1,1
M2,R18,6.9,250,1,3
M2,R18,6.4,143,0,0
M2,R18,8.0,219,0,0
M2,R18,7.1,240,0,0
M2,R18,7.3,168,0,0
M2,R18,4.2,166,0,0
M2,R18,3.0,185,1,1
M2,R18,5.9,173,0,0
M2,R18,7.0,213,1,1
M2,R18,7.5,227,0,0
M19,R18,5.9,194,0,0
M19,R18,3.0,209,1,1
M19,R18,4.4,126,0,0
M19,R18,3.4,148,0,0
M19,R18,5.2,221,0,0
M19,R18,2.6,199,0,0
M19,R18,5.9,147,0,0
M19,R18,2.1,241,0,0
M19,R18,5.1,175,0,0
M19,R18,6.1,139,0,0
M19,R18,7.3,212,0,0
M19,R18,2.5,228,0,0
M19,R18,7.5,245,0,0
M19,R18,2.4,150,0,0
M19,R18,7.1,122,0,0
M19,R18,5.0,107,1,3
M19,R18,2.2,106,0,0
M19,R18,7.4,122,0,0
M19,R18,6.3,169,0,0
M19,R18,3.6,142,0,0
M19,R18,4.6,141,0,0
M19,R18,3.6,158,0,0
M19,R18,6.1,146,0,0
M11,R18,2.5,210,0,0
M10,R18,6.3,228,0,0
M10,R18,6.1,152,0,0
M10,R18,2.5,229,1,1
M16,R18,5.9,113,1,1
M16,R18,2.8,213,0,0
M16,R18,3.5,179,0,0
M16,R18,7.1,237,1,2
M16,R18,5.3,219,0,0
M16,R18,6.6,189,0,0
M16,R18,4.7,170,0,0
M16,R18,2.7,101,0,0
M16,R18,2.5,225,1,1
M16,R18,7.6,209,1,1
M16,R18,6.9,244,0,0
M3,R18,4.2,107,1,1
M3,R18,3.1,219,0,0
M17,R18,6.4,161,0,0
M17,R18,7.1,120,1,2
M17,R18,2.4,143,0,0
M17,R18,5.9,230,0,0
M17,R18,6.4,158,0,0
M17,R18,3.9,100,0,0
M17,R18,5.2,233,0,0
M7,R18,7.6,222,1,1
M14,R18,3.6,235,1,1
M14,R18,2.6,104,0,0
M14,R18,7.4,161,0,0
M12,R18,4.5,246,0,0
M18,R18,7.2,207,1,1
M13,R18,7.0,173,1,1
M13,R18,2.9,127,0,0
M6,R18,7.3,183,0,0
M4,R18,6.1,186,1,1
M17,R19,4.3,218,0,0
M17,R19,7.0,130,0,0
M17,R19,6.7,184,0,0
M17,R19,5.9,100,1,1
M17,R19,2.2,206,0,0
M17,R19,7.6,182,1,1
M17,R19,4.5,116,1,1
M17,R19,2.4,128,1,1
M17,R19,3.6,104,0,0
M17,R19,2.2,207,0,0
M17,R19,5.5,223,0,0
M17,R19,7.7,180,1,3
M17,R19,7.8,222,0,0
M17,R19,3.5,143,1,1
M17,R19,7.2,158,0,0
M17,R19,3.0,238,0,0
M17,R19,5.3,182,0,0
M17,R19,3.2,246,1,1
M17,R19,7.2,236,0,0
M17,R19,6.7,250,0,0
M17,R19,5.9,199,0,0
M17,R19,5.3,140,0,0
M17,R19,2.8,149,0,0
M17,R19,4.2,174,1,1
M17,R19,5.4,122,0,0
M17,R19,5.3,201,0,0
M17,R19,7.5,148,0,0
M17,R19,4.3,207,0,0
M17,R19,5.2,114,0,0
M17,R19,5.5,209,1,1
M17,R19,4.4,104,1,2
M17,R19,5.1,157,0,0
M19,R19,5.4,149,1,2
M19,R19,3.2,113,0,0
M19,R19,5.5,226,0,0
M19,R19,7.2,102,0,0
M19,R19,3.6,141,0,0
M19,R19,4.2,176,1,4
M19,R19,5.6,150,0,0
M19,R19,3.7,186,0,0
M19,R19,7.5,107,0,0
M19,R19,5.6,226,1,2
M19,R19,2.4,108,1,3
M19,R19,8.0,248,1,1
M19,R19,4.4,236,0,0
M19,R19,5.4,127,0,0
M2,R19,3.9,196,0,0
M2,R19,4.7,244,0,0
M2,R19,7.6,107,0,0
M2,R19,7.4,100,1,1
M8,R19,4.2,197,0,0
M8,R19,3.3,195,0,0
M8,R19,4.0,174,1,1
M8,R19,3.2,124,0,0
M8,R19,4.4,132,0,0
M8,R19,5.2,222,0,0
M8,R19,3.6,157,0,0
M8,R19,3.3,128,1,1
M8,R19,4.6,243,0,0
M8,R19,4.8,167,0,0
M8,R19,7.9,106,1,1
M8,R19,3.9,148,0,0
M18,R19,5.3,143,0,0
M18,R19,2.4,216,0,0
M18,R19,7.2,220,1,1
M20,R19,6.7,206,0,0
M20,R19,2.3,217,1,1
M5,R19,6.4,116,0,0
M4,R19,5.1,120,1,1
M4,R19,5.2,134,1,1
M6,R19,5.0,100,1,2
M6,R19,2.7,136,0,0
M6,R19,5.5,212,0,0
M6,R19,4.1,108,0,0
M9,R19,5.4,177,1,1
M10,R19,3.1,135,1,1
M16,R19,4.6,203,0,0
M15,R19,6.1,213,0,0
M11,R19,5.9,132,0,0
M13,R19,6.7,140,1,2
M1,R19,7.6,109,0,0
M7,R19,3.1,163,0,0
M9,R20,2.8,162,0,0
M9,R20,3.1,152,0,0
M9,R20,4.2,164,0,0
M9,R20,3.3,239,0,0
M9,R20,7.0,208,0,0
M9,R20,6.4,193,1,2
M9,R20,5.5,123,0,0
M9,R20,4.9,225,0,0
M9,R20,6.8,121,0,0
M9,R20,7.7,190,0,0
M9,R20,6.7,229,0,0
M9,R20,6.7,119,0,0
M9,R20,5.4,131,0,0
M9,R20,3.6,121,0,0
M9,R20,4.6,135,0,0
M9,R20,6.3,122,0,0
M9,R20,4.3,106,0,0
M9,R20,4.7,234,0,0
M9,R20,2.1,122,1,1
M9,R20,7.0,189,1,1
M9,R20,6.4,238,1,5
M9,R20,7.3,228,0,0
M9,R20,5.6,127,0,0
M9,R20,3.5,107,0,0
M9,R20,2.1,217,1,1
M9,R20,6.9,130,0,0
M9,R20,6.6,188,0,0
M9,R20,4.7,130,0,0
M9,R20,5.9,226,1,3
M9,R20,2.6,131,1,2
M9,R20,3.0,116,0,0
M9,R20,7.3,206,0,0
M9,R20,4.2,140,0,0
M9,R20,4.4,168,0,0
M9,R20,6.3,188,0,0
M9,R20,2.4,250,0,0
M9,R20,8.0,140,0,0
M9,R20,4.5,226,0,0
M9,R20,4.6,246,0,0
M9,R20,3.1,208,0,0
M9,R20,5.7,213,1,1
M9,R20,6.3,174,1,1
M6,R20,2.6,202,0,0
M6,R20,2.3,202,0,0
M6,R20,5.0,122,0,0
M6,R20,5.4,232,0,0
M6,R20,7.6,218,1,1
M6,R20,3.5,238,1,1
M6,R20,3.4,168,1,3
M6,R20,8.0,243,0,0
M6,R20,3.5,146,0,0
M6,R20,7.4,110,0,0
M6,R20,3.2,143,1,1
M6,R20,5.0,184,0,0
M6,R20,5.9,141,0,0
M6,R20,7.7,241,0,0
M6,R20,3.6,214,0,0
M6,R20,4.1,219,1,1
M6,R20,5.0,190,1,6
M6,R20,4.0,212,0,0
M6,R20,3.3,214,0,0
M13,R20,4.5,191,0,0
M13,R20,7.9,209,1,2
M13,R20,4.6,173,0,0
M13,R20,7.1,236,1,1
M13,R20,6.9,186,0,0
M13,R20,6.4,203,0,0
M13,R20,6.1,131,1,3
M13,R20,4.9,205,0,0
M13,R20,5.9,183,0,0
M13,R20,7.4,196,1,1
M13,R20,4.5,240,1,1
M13,R20,3.9,194,0,0
M13,R20,4.3,124,0,0
M13,R20,2.5,181,0,0
M13,R20,3.1,211,0,0
M13,R20,3.3,152,0,0
M13,R20,5.7,155,0,0
M13,R20,6.3,155,0,0
M13,R20,6.5,214,0,0
M13,R20,7.5,167,0,0
M13,R20,5.7,164,1,2
M13,R20,4.5,199,1,1
M13,R20,6.7,156,1,1
M13,R20,4.6,157,0,0
M13,R20,5.4,145,0,0
M13,R20,5.4,193,1,1
M13,R20,7.0,183,0,0
M13,R20,6.9,130,0,0
M13,R20,7.4,235,1,1
M13,R20,2.5,119,0,0
M13,R20,6.2,176,0,0
M13,R20,5.6,144,0,0
M13,R20,5.6,184,0,0
M13,R20,5.1,195,1,2
M13,R20,5.6,121,0,0
M13,R20,4.9,191,1,1
M13,R20,6.0,193,1,2
M13,R20,5.3,172,1,1
M13,R20,5.1,140,0,0
M13,R20,7.0,238,1,1
M13,R20,5.7,234,1,1
M13,R20,6.0,120,0,0
M13,R20,4.4,123,1,1
M5,R20,2.2,180,0,0
M5,R20,2.5,157,1,1
M5,R20,8.0,119,1,1
M5,R20,2.2,242,0,0
M5,R20,3.2,207,0,0
M5,R20,7.9,189,0,0
M5,R20,4.8,159,0,0
M5,R20,5.1,231,0,0
M5,R20,3.2,230,0,0
M5,R20,7.6,118,0,0
M5,R20,3.1,236,0,0
M5,R20,5.0,230,0,0
M5,R20,5.2,152,1,1
M4,R20,5.8,176,0,0
M4,R20,4.6,136,0,0
M4,R20,3.8,245,0,0
M4,R20,5.6,182,1,5
M4,R20,6.6,205,1,1
M4,R20,7.1,201,1,3
M3,R20,2.9,116,0,0
M3,R20,2.7,135,0,0
M3,R20,7.2,232,0,0
M3,R20,6.2,108,0,0
M3,R20,4.9,117,1,1
M3,R20,2.2,126,1,2
M10,R20,4.5,156,0,0
M10,R20,7.5,105,0,0
M10,R20,5.4,183,0,0
M10,R20,2.4,181,1,1
M10,R20,2.6,128,0,0
M10,R20,3.4,203,0,0
M10,R20,4.5,146,1,1
M10,R20,7.1,226,1,1
M10,R20,7.4,218,1,1
M10,R20,5.0,179,0,0
M10,R20,2.2,186,0,0
M10,R20,3.3,234,0,0
M10,R20,3.1,167,0,0
M10,R20,2.4,228,1,1
M10,R20,6.3,146,0,0
M10,R20,5.5,187,0,0
M20,R20,6.5,181,0,0
M20,R20,6.6,133,0,0
M20,R20,5.8,123,0,0
M20,R20,2.4,143,0,0
M20,R20,5.9,184,0,0
M20,R20,3.6,195,0,0
M20,R20,3.5,169,0,0
M20,R20,4.5,231,1,4
M20,R20,4.4,185,0,0
M20,R20,6.8,232,0,0
M20,R20,8.0,246,1,3
M20,R20,2.7,153,0,0
M7,R20,6.3,167,0,0
M7,R20,7.4,250,0,0
M7,R20,4.5,130,0,0
M7,R20,3.7,167,0,0
M7,R20,6.6,249,0,0
M7,R20,5.4,138,0,0
M7,R20,7.6,152,0,0
M7,R20,5.9,232,0,0
M7,R20,5.9,138,0,0
M7,R20,2.3,144,0,0
M7,R20,5.9,211,0,0
M17,R20,2.8,167,1,3
M19,R20,4.6,163,1,1
M19,R20,7.2,159,1,1
M19,R20,6.0,146,0,0
M19,R20,6.6,168,0,0
M19,R20,6.7,179,0,0
M11,R20,6.1,183,1,2
M11,R20,4.0,159,0,0
M15,R20,2.7,163,0,0
M15,R20,7.5,174,0,0
M14,R20,5.7,112,0,0
M12,R20,5.9,102,0,0
M12,R20,5.7,211,1,3
M20,R21,4.6,149,0,0
M20,R21,2.5,160,1,1
M20,R21,6.7,168,1,1
M20,R21,4.4,147,1,7
M20,R21,3.5,114,1,2
M20,R21,3.0,164,1,1
M20,R21,3.7,192,1,3
M20,R21,3.1,110,1,3
M20,R21,6.0,188,1,1
M20,R21,4.3,106,0,0
M20,R21,5.0,174,1,3
M20,R21,5.6,156,0,0
M20,R21,5.6,185,1,1
M20,R21,3.2,148,1,1
M20,R21,3.2,181,0,0
M20,R21,4.9,107,0,0
M20,R21,2.2,105,0,0
M17,R21,5.8,248,1,2
M17,R21,6.8,153,0,0
M17,R21,2.9,137,1,1
M19,R21,6.9,214,1,1
M10,R21,4.0,181,1,1
M10,R21,6.2,223,0,0
M10,R21,4.9,224,1,3
M10,R21,2.5,130,1,1
M5,R21,5.2,145,1,1
M12,R21,7.1,171,1,1
M12,R21,3.6,167,0,0
M12,R21,7.3,186,0,0
M12,R21,4.6,165,0,0
M9,R21,5.0,155,1,1
M1,R21,2.2,157,1,1
M15,R21,4.6,136,1,1
M18,R21,2.7,250,1,1
M16,R21,4.2,139,1,2
M6,R21,6.7,177,1,5
M4,R21,7.7,199,0,0
M4,R22,6.1,128,0,0
M4,R22,7.5,136,1,1
M4,R22,3.4,239,1,1
M4,R22,7.3,247,1,1
M4,R22,3.4,116,1,1
M4,R22,7.6,217,0,0
M4,R22,5.7,193,0,0
M4,R22,6.0,109,1,1
M4,R22,5.6,249,1,5
M4,R22,3.5,238,0,0
M4,R22,6.8,160,0,0
M4,R22,3.2,171,0,0
M16,R22,4.9,104,0,0
M16,R22,3.1,135,1,1
M16,R22,6.2,208,1,1
M16,R22,4.0,184,1,1
M16,R22,7.9,160,1,2
M16,R22,2.6,180,1,1
M16,R22,6.4,225,0,0
M16,R22,4.5,166,1,2
M16,R22,7.1,203,0,0
M16,R22,3.7,231,1,1
M16,R22,5.8,121,1,1
M16,R22,2.8,116,1,1
M16,R22,5.3,133,1,1
M16,R22,2.4,209,1,1
M16,R22,7.5,117,1,4
M16,R22,2.2,231,0,0
M16,R22,3.9,160,1,1
M16,R22,6.4,144,1,1
M16,R22,4.6,141,1,1
M16,R22,3.3,200,0,0
M16,R22,3.0,154,1,1
M16,R22,4.8,122,1,2
M16,R22,7.0,195,1,1
M16,R22,6.9,150,0,0
M16,R22,4.6,134,1,1
M16,R22,5.2,217,0,0
M16,R22,4.6,188,1,1
M16,R22,6.1,156,1,1
M16,R22,6.2,147,1,4
M16,R22,6.7,167,0,0
M16,R22,2.2,189,1,2
M8,R22,6.0,239,1,1
M8,R22,2.4,149,1,1
M8,R22,5.6,105,1,1
M8,R22,4.5,109,1,1
M8,R22,7.5,118,0,0
M8,R22,6.3,146,1,1
M8,R22,3.2,145,1,1
M8,R22,4.8,192,1,3
M8,R22,2.2,142,1,1
M8,R22,7.0,105,1,1
M8,R22,5.4,126,0,0
M8,R22,6.2,173,1,1
M8,R22,3.0,179,1,3
M8,R22,6.6,132,0,0
M8,R22,7.1,116,1,1
M8,R22,3.8,146,1,2
M8,R22,2.9,122,0,0
M8,R22,7.7,141,1,1
M8,R22,6.3,155,1,4
M8,R22,7.1,108,1,3
M8,R22,7.9,238,1,2
M8,R22,4.0,134,1,1
M8,R22,4.6,122,0,0
M8,R22,2.3,162,0,0
M8,R22,4.2,177,0,0
M12,R22,5.8,102,1,1
M9,R22,6.5,187,1,3
M9,R22,5.5,161,0,0
M9,R22,6.0,146,1,1
M9,R22,6.8,180,1,1
M9,R22,5.9,128,1,1
M9,R22,3.5,133,1,1
M9,R22,3.5,151,1,3
M9,R22,4.7,228,1,3
M9,R22,2.9,156,1,1
M9,R22,5.1,182,1,2
M9,R22,5.6,214,1,1
M11,R22,5.0,236,0,0
M11,R22,3.8,238,1,1
M11,R22,6.7,240,1,3
M11,R22,3.6,151,0,0
M17,R22,4.3,239,1,1
M17,R22,6.2,229,0,0
M17,R22,4.9,213,0,0
M17,R22,6.4,100,1,1
M17,R22,5.5,160,1,1
M17,R22,7.9,224,1,1
M17,R22,6.3,222,0,0
M17,R22,2.2,220,0,0
M17,R22,3.4,209,0,0
M17,R22,8.0,211,0,0
M17,R22,3.8,128,0,0
M14,R22,2.4,108,1,1
M14,R22,7.1,161,0,0
M14,R22,6.3,139,0,0
M14,R22,3.7,156,1,1
M14,R22,2.3,193,1,1
M14,R22,5.6,100,1,1
M14,R22,7.2,210,1,4
M14,R22,5.4,107,0,0
M14,R22,5.4,115,1,1
M14,R22,3.7,195,0,0
M14,R22,5.3,135,1,1
M5,R22,6.5,198,1,1
M5,R22,7.0,226,1,1
M5,R22,2.7,231,1,2
M5,R22,4.2,201,1,2
M5,R22,8.0,130,1,1
M5,R22,5.0,235,1,1
M20,R22,6.6,109,1,1
M20,R22,3.5,199,0,0
M20,R22,3.2,127,1,1
M20,R22,3.0,126,1,3
M13,R22,8.0,187,1,2
M13,R22,5.1,190,1,1
M19,R22,2.9,177,1,2
M3,R22,4.5,113,0,0
M9,R23,6.0,199,1,1
M9,R23,6.3,151,1,4
M9,R23,6.7,115,1,1
M9,R23,5.9,226,0,0
M9,R23,7.8,134,1,2
M9,R23,3.5,108,0,0
M9,R23,5.6,234,1,1
M9,R23,7.2,145,1,1
M9,R23,3.8,235,1,1
M9,R23,3.4,102,0,0
M9,R23,2.0,143,0,0
M9,R23,6.0,144,0,0
M9,R23,7.0,184,1,2
M9,R23,4.1,160,0,0
M9,R23,5.1,146,1,1
M9,R23,5.3,171,1,1
M9,R23,7.0,104,1,1
M9,R23,2.0,190,0,0
M9,R23,6.5,164,1,1
M9,R23,5.9,141,1,2
M9,R23,7.6,222,1,1
M9,R23,2.3,115,1,1
M9,R23,8.0,124,1,1
M9,R23,6.0,147,1,1
M9,R23,6.7,135,1,2
M14,R23,3.4,156,1,1
M14,R23,7.4,187,1,1
M14,R23,5.4,133,0,0
M14,R23,3.3,195,1,2
M14,R23,2.2,243,1,1
M14,R23,6.6,116,1,1
M14,R23,2.1,202,1,1
M14,R23,4.1,191,1,1
M14,R23,2.3,121,0,0
M14,R23,4.6,172,0,0
M14,R23,6.8,202,1,1
M14,R23,7.7,243,0,0
M14,R23,3.0,134,1,1
M14,R23,7.3,195,1,1
M14,R23,5.2,149,1,3
M14,R23,2.9,158,1,1
M14,R23,3.5,192,1,1
M14,R23,5.0,107,1,1
M14,R23,5.1,248,1,1
M14,R23,3.0,101,1,1
M14,R23,5.9,110,1,1
M14,R23,4.3,178,1,1
M14,R23,6.1,138,1,1
M14,R23,5.7,182,1,1
M14,R23,2.3,120,1,2
M14,R23,4.0,248,0,0
M14,R23,2.9,151,1,1
M14,R23,6.6,112,1,3
M14,R23,3.3,158,1,1
M14,R23,2.2,137,1,1
M14,R23,4.1,107,0,0
M14,R23,3.3,205,1,1
M14,R23,4.3,145,1,1
M14,R23,7.3,237,0,0
M14,R23,2.1,170,1,2
M6,R23,3.6,100,1,1
M6,R23,7.3,126,1,4
M6,R23,3.3,172,1,1
M6,R23,7.3,144,1,1
M6,R23,3.9,245,0,0
M6,R23,6.6,180,1,1
M6,R23,3.0,158,0,0
M6,R23,3.2,145,1,2
M6,R23,6.6,153,0,0
M6,R23,4.9,131,1,1
M6,R23,2.5,246,1,2
M6,R23,6.5,242,1,1
M6,R23,4.9,132,1,3
M6,R23,3.4,106,1,1
M6,R23,6.8,162,1,1
M6,R23,7.8,232,1,1
M6,R23,4.1,149,1,1
M6,R23,5.8,117,1,1
M6,R23,3.7,242,0,0
M15,R23,2.6,118,1,1
M15,R23,3.5,146,1,2
M15,R23,6.0,242,1,1
M15,R23,4.2,186,1,1
M15,R23,6.6,250,0,0
M15,R23,3.4,193,0,0
M15,R23,4.4,204,1,1
M15,R23,7.6,112,1,1
M15,R23,7.5,239,1,1
M15,R23,6.3,244,1,3
M15,R23,5.7,187,1,1
M15,R23,6.4,181,1,2
M15,R23,3.3,229,1,1
M15,R23,7.7,234,1,2
M15,R23,2.2,235,1,1
M15,R23,2.7,131,1,1
M15,R23,3.6,101,1,2
M15,R23,7.4,168,1,1
M15,R23,6.0,159,1,3
M15,R23,2.9,115,1,7
M15,R23,5.6,193,1,1
M15,R23,5.5,202,1,1
M7,R23,4.3,173,1,1
M7,R23,5.0,143,0,0
M7,R23,5.2,188,1,1
M7,R23,7.8,111,1,1
M7,R23,6.6,200,0,0
M7,R23,4.3,149,1,2
M7,R23,3.1,179,0,0
M7,R23,7.7,112,1,1
M7,R23,2.5,240,1,1
M7,R23,5.6,137,1,2
M20,R23,4.9,176,1,1
M20,R23,5.4,236,1,1
M20,R23,7.7,140,0,0
M20,R23,7.8,149,1,1
M20,R23,4.5,197,1,1
M20,R23,5.3,204,1,1
M20,R23,7.6,119,1,2
M20,R23,6.5,204,1,1
M20,R23,4.8,128,0,0
M20,R23,3.8,229,1,6
M20,R23,6.7,209,1,1
M20,R23,5.3,150,1,1
M20,R23,5.8,110,1,2
M5,R23,5.4,154,0,0
M2,R23,5.0,219,1,3
M2,R23,7.3,235,0,0
M2,R23,3.5,123,1,2
M2,R23,3.1,210,1,2
M2,R23,5.4,213,0,0
M2,R23,3.9,199,1,1
M2,R23,7.4,187,1,1
M2,R23,7.6,162,1,1
M2,R23,5.0,236,1,1
M2,R23,7.5,129,1,1
M2,R23,6.7,193,1,1
M2,R23,3.8,128,1,4
M2,R23,5.1,190,0,0
M2,R23,7.6,240,0,0
M1,R23,6.3,201,1,1
M1,R23,5.7,157,0,0
M1,R23,7.7,227,1,3
M1,R23,4.3,227,1,1
M1,R23,4.5,232,1,1
M1,R23,4.7,144,1,1
M1,R23,7.8,237,1,1
M1,R23,7.0,246,1,2
M1,R23,4.9,104,1,1
M1,R23,6.4,203,1,3
M12,R23,6.8,111,1,1
M12,R23,7.8,160,0,0
M12,R23,6.0,210,1,1
M12,R23,7.4,123,1,1
M12,R23,3.8,231,1,2
M12,R23,7.1,197,1,2
M12,R23,3.1,186,0,0
M18,R23,5.8,149,1,1
M18,R23,6.8,157,1,2
M18,R23,3.9,135,0,0
M11,R23,2.1,204,1,4
M8,R23,5.5,228,1,1
M10,R23,4.9,118,1,3
M10,R23,3.7,161,1,1
M19,R24,2.7,203,0,0
M19,R24,5.6,239,1,1
M19,R24,5.5,196,0,0
M19,R24,6.8,237,0,0
M19,R24,3.7,223,0,0
M19,R24,5.2,161,1,2
M19,R24,2.8,138,1,3
M19,R24,6.8,169,0,0
M19,R24,4.5,218,0,0
M19,R24,2.4,114,0,0
M19,R24,6.5,201,0,0
M19,R24,3.6,112,1,5
M19,R24,8.0,116,0,0
M19,R24,3.4,170,0,0
M19,R24,3.5,130,0,0
M19,R24,4.2,196,0,0
M19,R24,5.7,234,0,0
M19,R24,3.6,124,0,0
M19,R24,7.8,242,1,1
M19,R24,6.5,150,0,0
M19,R24,7.1,219,0,0
M19,R24,2.9,101,0,0
M19,R24,6.3,234,1,2
M19,R24,5.9,190,0,0
M19,R24,5.4,180,0,0
M19,R24,7.4,158,1,1
M19,R24,7.0,113,1,1
M19,R24,5.0,176,0,0
M19,R24,2.4,212,1,1
M19,R24,6.7,233,1,1
M19,R24,5.1,118,0,0
M19,R24,4.0,221,0,0
M19,R24,7.2,103,0,0
M19,R24,6.7,234,1,1
M19,R24,7.8,132,1,1
M19,R24,4.4,101,1,1
M19,R24,7.3,191,0,0
M19,R24,4.3,173,1,4
M19,R24,4.8,111,0,0
M19,R24,6.0,209,0,0
M19,R24,2.8,222,1,1
M19,R24,7.8,162,0,0
M19,R24,6.3,210,0,0
M19,R24,3.1,113,1,3
M19,R24,3.1,157,0,0
M19,R24,6.2,196,1,1
M19,R24,7.4,202,0,0
M19,R24,6.6,134,1,2
M19,R24,4.7,171,0,0
M19,R24,7.6,132,1,1
M19,R24,7.3,172,1,1
M19,R24,2.9,120,0,0
M19,R24,3.2,200,1,3
M19,R24,5.9,244,1,1
M19,R24,3.8,123,1,1
M19,R24,2.3,141,0,0
M19,R24,7.1,123,0,0
M19,R24,2.4,212,0,0
M19,R24,5.8,161,0,0
M19,R24,5.1,218,0,0
M19,R24,2.8,192,0,0
M19,R24,6.8,230,1,2
M19,R24,2.3,152,0,0
M19,R24,3.9,224,0,0
M19,R24,7.3,192,1,1
M19,R24,3.3,105,1,1
M19,R24,4.6,190,1,1
M19,R24,4.1,211,1,2
M19,R24,2.8,187,0,0
M19,R24,3.8,106,1,1
M19,R24,5.3,113,1,1
M19,R24,2.1,248,0,0
M19,R24,2.6,136,1,1
M19,R24,5.4,218,0,0
M19,R24,2.8,187,0,0
M19,R24,2.0,122,0,0
M19,R24,2.4,151,1,1
M19,R24,7.5,195,1,1
M19,R24,2.8,161,0,0
M19,R24,5.1,236,1,1
M19,R24,6.6,188,1,1
M19,R24,3.1,198,1,1
M12,R24,4.6,214,1,1
M12,R24,5.1,135,0,0
M12,R24,7.6,205,0,0
M12,R24,3.3,145,1,5
M12,R24,5.1,112,0,0
M12,R24,4.6,224,1,1
M12,R24,3.2,162,0,0
M12,R24,5.4,188,1,1
M12,R24,3.3,179,0,0
M12,R24,5.1,122,0,0
M12,R24,6.4,178,0,0
M12,R24,2.0,240,0,0
M12,R24,3.4,211,1,1
M12,R24,2.8,160,0,0
M12,R24,3.2,240,1,1
M12,R24,8.0,124,0,0
M12,R24,3.5,234,1,1
M12,R24,7.7,193,1,1
M12,R24,5.2,241,1,1
M16,R24,6.9,193,1,1
M16,R24,6.2,193,1,2
M7,R24,4.3,207,0,0
M7,R24,4.2,103,1,1
M7,R24,3.9,241,1,1
M7,R24,3.3,149,1,1
M18,R24,7.8,204,1,1
M18,R24,7.0,131,1,1
M18,R24,3.2,184,0,0
M18,R24,2.6,233,0,0
M18,R24,6.4,123,1,3
M18,R24,6.1,115,1,5
M18,R24,5.8,103,0,0
M18,R24,3.9,117,0,0
M18,R24,6.8,149,1,1
M18,R24,3.5,228,1,3
M18,R24,3.0,150,0,0
M18,R24,2.5,128,0,0
M18,R24,6.7,244,1,4
M18,R24,7.5,220,1,1
M18,R24,2.2,239,0,0
M18,R24,7.3,172,1,1
M18,R24,5.6,240,0,0
M18,R24,8.0,127,0,0
M18,R24,5.4,149,1,1
M18,R24,6.6,226,0,0
M18,R24,5.4,131,0,0
M18,R24,5.5,246,1,1
M18,R24,4.8,103,1,1
M18,R24,6.3,217,1,1
M18,R24,5.6,231,0,0
M18,R24,4.0,199,1,1
M18,R24,4.9,181,0,0
M18,R24,5.3,136,1,3
M18,R24,7.8,222,1,1
M18,R24,4.7,101,0,0
M18,R24,6.7,200,1,1
M18,R24,2.7,196,1,1
M18,R24,6.3,108,0,0
M18,R24,3.1,237,0,0
M18,R24,2.2,181,1,1
M18,R24,3.7,127,1,1
M18,R24,4.4,156,1,1
M18,R24,3.8,225,1,2
M14,R24,3.9,173,1,2
M14,R24,2.1,115,1,2
M14,R24,6.6,211,0,0
M14,R24,6.5,116,1,4
M14,R24,4.9,142,0,0
M14,R24,5.5,125,0,0
M14,R24,5.8,178,0,0
M14,R24,5.5,196,0,0
M14,R24,5.3,127,0,0
M14,R24,7.6,108,0,0
M14,R24,4.8,181,1,1
M14,R24,5.5,248,1,1
M14,R24,7.2,235,0,0
M14,R24,2.3,242,0,0
M14,R24,7.0,250,0,0
M14,R24,7.9,207,1,1
M14,R24,5.6,179,1,1
M14,R24,5.9,193,1,2
M14,R24,5.0,193,1,1
M14,R24,2.3,122,0,0
M14,R24,2.5,152,0,0
M10,R24,2.0,226,0,0
M10,R24,3.6,141,0,0
M10,R24,7.6,226,0,0
M10,R24,6.6,250,1,1
M10,R24,8.0,229,1,2
M10,R24,7.7,141,1,2
M10,R24,5.9,153,0,0
M17,R24,5.5,170,1,3
M17,R24,3.2,193,1,1
M2,R24,6.1,236,0,0
M2,R24,5.7,160,0,0
M2,R24,7.8,200,0,0
M2,R24,6.9,232,0,0
M2,R24,3.7,176,1,2
M4,R24,3.9,228,0,0
M4,R24,7.8,201,1,1
M4,R24,2.5,196,1,1
M4,R24,5.1,125,1,1
M4,R24,4.0,150,0,0
M6,R24,4.2,183,0,0
M8,R24,7.2,150,0,0
M20,R24,4.7,165,1,1
M9,R24,2.9,201,0,0
M5,R24,2.5,203,1,1
M5,R25,5.6,249,1,2
M5,R25,6.1,197,1,3
M5,R25,3.4,203,0,0
M5,R25,7.2,158,1,1
M5,R25,2.1,132,1,1
M5,R25,6.9,171,0,0
M5,R25,3.1,104,0,0
M5,R25,4.4,165,1,1
M5,R25,6.9,129,1,1
M5,R25,4.0,196,1,1
M5,R25,7.5,214,1,1
M5,R25,8.0,189,0,0
M5,R25,5.7,110,1,2
M5,R25,3.8,185,1,1
M5,R25,4.1,117,1,1
M5,R25,4.3,189,0,0
M5,R25,6.2,144,1,1
M5,R25,5.3,200,1,1
M5,R25,2.4,189,1,1
M5,R25,3.1,192,0,0
M5,R25,7.4,126,1,2
M5,R25,6.2,166,1,1
M5,R25,2.2,204,1,2
M5,R25,3.9,143,1,1
M5,R25,4.1,143,0,0
M5,R25,7.6,127,1,2
M5,R25,3.5,206,1,1
M5,R25,3.6,155,1,2
M5,R25,7.0,192,1,1
M5,R25,6.5,186,0,0
M5,R25,5.8,163,1,2
M5,R25,7.7,192,0,0
M5,R25,3.3,180,0,0
M5,R25,5.3,181,1,1
M5,R25,2.3,200,1,1
M5,R25,6.4,143,1,2
M5,R25,2.1,201,0,0
M5,R25,3.3,194,1,2
M5,R25,7.2,210,0,0
M5,R25,3.2,200,1,1
M5,R25,4.9,216,1,6
M5,R25,4.7,224,0,0
M5,R25,7.1,100,1,1
M5,R25,6.7,136,0,0
M5,R25,7.3,148,1,1
M5,R25,7.9,185,1,5
M5,R25,3.3,198,0,0
M5,R25,5.5,229,1,2
M6,R25,3.5,148,1,1
M6,R25,7.0,229,1,1
M1,R25,5.1,105,1,1
M1,R25,3.8,126,1,1
M1,R25,7.2,152,0,0
M1,R25,5.3,190,1,1
M1,R25,4.8,124,1,1
M1,R25,2.0,158,1,1
M1,R25,3.4,142,0,0
M1,R25,7.5,162,1,1
M1,R25,6.2,100,1,1
M1,R25,3.4,194,1,1
M1,R25,5.9,106,1,4
M1,R25,6.0,206,0,0
M1,R25,5.4,202,0,0
M1,R25,4.0,115,1,1
M1,R25,7.0,135,1,1
M1,R25,3.4,129,0,0
M1,R25,2.9,222,1,1
M1,R25,5.7,206,1,2
M1,R25,3.9,148,0,0
M1,R25,5.3,216,1,1
M1,R25,6.7,202,1,1
M1,R25,2.6,162,1,3
M1,R25,2.3,199,1,1
M1,R25,2.0,226,1,3
M4,R25,3.4,100,1,5
M4,R25,5.5,194,1,1
M4,R25,5.0,207,1,2
M4,R25,3.5,178,1,1
M4,R25,4.0,103,0,0
M4,R25,5.2,218,1,1
M4,R25,2.5,211,1,1
M4,R25,6.9,157,1,1
M4,R25,4.7,109,1,2
M4,R25,5.6,125,1,1
M4,R25,7.2,102,1,1
M4,R25,2.0,159,1,1
M8,R25,2.6,246,0,0
M8,R25,5.2,139,1,1
M8,R25,3.3,209,1,1
M8,R25,4.8,147,1,2
M8,R25,7.5,113,0,0
M8,R25,3.8,107,1,1
M8,R25,6.1,160,1,3
M9,R25,2.2,216,0,0
M20,R25,2.8,107,1,1
M20,R25,7.8,192,1,2
M11,R25,6.4,135,1,1
M11,R25,4.9,201,1,1
M13,R25,3.2,121,1,1
M19,R25,8.0,216,1,1
M12,R25,5.8,164,1,1
M15,R25,3.8,230,0,0
M2,R25,7.0,191,1,2
M10,R25,2.9,247,1,1
